-- phpMyAdmin SQL Dump
-- version 4.9.1
-- https://www.phpmyadmin.net/
--
-- Host: 127.0.0.1
-- Generation Time: Dec 05, 2019 at 11:05 AM
-- Server version: 10.4.8-MariaDB
-- PHP Version: 7.3.11

SET SQL_MODE = "NO_AUTO_VALUE_ON_ZERO";
SET AUTOCOMMIT = 0;
START TRANSACTION;
SET time_zone = "+00:00";


/*!40101 SET @OLD_CHARACTER_SET_CLIENT=@@CHARACTER_SET_CLIENT */;
/*!40101 SET @OLD_CHARACTER_SET_RESULTS=@@CHARACTER_SET_RESULTS */;
/*!40101 SET @OLD_COLLATION_CONNECTION=@@COLLATION_CONNECTION */;
/*!40101 SET NAMES utf8mb4 */;

--
-- Database: `libraryapp`
--

-- --------------------------------------------------------

--
-- Table structure for table `authors`
--

CREATE TABLE `authors` (
  `id` int(11) NOT NULL,
  `name` varchar(255) DEFAULT NULL
) ENGINE=InnoDB DEFAULT CHARSET=utf8mb4;

--
-- Dumping data for table `authors`
--

INSERT INTO `authors` (`id`, `name`) VALUES
(1, 'Agatha Christie'),
(2, 'Roberto Bolaño'),
(3, 'Bell Hooks'),
(4, 'Edward Abbey'),
(5, 'J. M. Coetzee'),
(6, 'Marcel Proust'),
(7, 'Miguel de Cervantes');

-- --------------------------------------------------------

--
-- Table structure for table `bookcopies`
--

CREATE TABLE `bookcopies` (
  `id` int(11) NOT NULL,
  `comment` varchar(255) DEFAULT NULL,
  `LibraryId` int(11) DEFAULT NULL,
  `bookId` int(11) DEFAULT NULL,
  `bookStatusId` int(11) DEFAULT NULL
) ENGINE=InnoDB DEFAULT CHARSET=utf8mb4;

--
-- Dumping data for table `bookcopies`
--

INSERT INTO `bookcopies` (`id`, `comment`, `LibraryId`, `bookId`, `bookStatusId`) VALUES
(8, 'sdfsdfds', 1, 15, 4),
(9, 'fsdfs', 1, 6, 1),
(10, 'sdfsdfds', 1, 14, 1),
(12, 'book down', 2, 6, 1),
(13, '-', 3, 6, 1),
(14, 'hello', 1, 7, 1),
(15, 'NEW ', 2, 17, 1),
(16, 'NEW ', 2, 17, 1),
(17, 'OLD BOOK', 1, 18, 1);

-- --------------------------------------------------------

--
-- Table structure for table `books`
--

CREATE TABLE `books` (
  `id` int(11) NOT NULL,
  `cover` text DEFAULT NULL,
  `title` varchar(255) DEFAULT NULL,
  `description` varchar(255) DEFAULT NULL,
  `pages` varchar(255) DEFAULT NULL,
  `publishedDate` date DEFAULT NULL,
  `rating` float DEFAULT NULL,
  `stock` int(11) DEFAULT NULL,
  `categoryId` int(11) DEFAULT NULL,
  `AuthorId` int(11) DEFAULT NULL,
  `PublishingHouseId` int(11) DEFAULT NULL
) ENGINE=InnoDB DEFAULT CHARSET=utf8mb4;

--
-- Dumping data for table `books`
--

INSERT INTO `books` (`id`, `cover`, `title`, `description`, `pages`, `publishedDate`, `rating`, `stock`, `categoryId`, `AuthorId`, `PublishingHouseId`) VALUES
(6, 'https://www.powells.com/portals/0/images/9780312429218.jpg', '2666', 'Completed in 2003 shortly before his death, 2666 is not only Roberto Bolaño\'s masterpiece but also one of the finest and most important novels of the 21st century. ', '189', '2019-11-28', 4.2, 2, 1, 1, 1),
(7, 'https://www.powells.com/portals/0/images/9780060959470.jpg', 'All About love', 'We\'re taught to think of love as something that happens to us. It\'s a magical but altogether passive experience. ', '144', '2019-11-28', 3.4, 1, 1, 3, 1),
(14, 'https://www.powells.com/portals/0/images/9780671695880.jpg', 'Desert Solitaire', 'No author encapsulated and celebrated the American Southwest more engagingly than iconoclast and raconteur Edward Abbey.', '189', '2019-11-15', 3.48, 1, 1, 4, 1),
(15, 'https://images-na.ssl-images-amazon.com/images/I/51tRkYYlpaL.jpg', 'In Search of Lost Time', 'Swann\'s Way, the first part of A la recherche de temps perdu, Marcel Proust\'s seven-part cycle, was published in 1913.', '176', '2019-11-22', 3.4, 1, 1, 6, 1),
(16, 'https://images-na.ssl-images-amazon.com/images/I/61HOpyVqSeL._SX260_.jpg', ' Don Quixote', 'Alonso Quixano, a retired country gentleman in his fifties, lives in an unnamed section of La Mancha with his niece and a housekeeper. ', '1', '2019-11-07', 3.6, 1, 1, 7, 1);
INSERT INTO `books` (`id`, `cover`, `title`, `description`, `pages`, `publishedDate`, `rating`, `stock`, `categoryId`, `AuthorId`, `PublishingHouseId`) VALUES
(17, 'data:image/jpeg;base64,/9j/4AAQSkZJRgABAQAAAQABAAD/2wBDAAsICAgICAsICAsQCwkLEBMOCwsOExYSEhMSEhYVERMSEhMRFRUZGhsaGRUhISQkISEwLy8vMDY2NjY2NjY2Njb/2wBDAQwLCwwNDA8NDQ8TDg4OExQODw8OFBoSEhQSEhoiGBUVFRUYIh4gGxsbIB4lJSIiJSUvLywvLzY2NjY2NjY2Njb/wAARCAHzAU0DASIAAhEBAxEB/8QAHwAAAQUBAQEBAQEAAAAAAAAAAAECAwQFBgcICQoL/8QAtRAAAgEDAwIEAwUFBAQAAAF9AQIDAAQRBRIhMUEGE1FhByJxFDKBkaEII0KxwRVS0fAkM2JyggkKFhcYGRolJicoKSo0NTY3ODk6Q0RFRkdISUpTVFVWV1hZWmNkZWZnaGlqc3R1dnd4eXqDhIWGh4iJipKTlJWWl5iZmqKjpKWmp6ipqrKztLW2t7i5usLDxMXGx8jJytLT1NXW19jZ2uHi4+Tl5ufo6erx8vP09fb3+Pn6/8QAHwEAAwEBAQEBAQEBAQAAAAAAAAECAwQFBgcICQoL/8QAtREAAgECBAQDBAcFBAQAAQJ3AAECAxEEBSExBhJBUQdhcRMiMoEIFEKRobHBCSMzUvAVYnLRChYkNOEl8RcYGRomJygpKjU2Nzg5OkNERUZHSElKU1RVVldYWVpjZGVmZ2hpanN0dXZ3eHl6goOEhYaHiImKkpOUlZaXmJmaoqOkpaanqKmqsrO0tba3uLm6wsPExcbHyMnK0tPU1dbX2Nna4uPk5ebn6Onq8vP09fb3+Pn6/9oADAMBAAIRAxEAPwDfuZplupUEsixqc4DEceg5qFZrknPnye2XPb2z3p90M3cpOGCtnBqL+LcoAB/i9KzMr6ime6I+aaRcdRvbP6Gk+03G3HnuwzwQ7A/nmmkDBwfm9D0PuKaAe5AI/rUtjRIJ7lhj7RIBnszZz6ZzQt1coW8y4YN/AhYnj3yaavXoSmOpHOal2rtyqfMO5/mR6ULuMeJ7lmAMjIOudxP4HkdKJJ5UiMvnOY8HlWYsP/HqhMmQUX5wepH3AT2z71DcsixmGVzG7j93GB94j3OOtO4K4wXN2q83Uhx8wJkbJH4NSLcagx+S6k2NyAZCWx7HNRRxOyM3G/P7tDxgD0GOtKCqsVDbk6+49ccdqVyNSQXV30F1MSOCQ7Efjk1PbzXs83yTyBYx8ymRjkn6tzVXnqDnd1b37Cp7GJj5hRdshYFlJ4/AUrlRvcbd3V6mw/aZE+bna7A59CN1RLd3jE4uZv8AdaR859ua0ZI0dDC4Absx4PtjPrWaUeLdG5XK5BPqPp70te42Bu79PvXUo/7aMSPT+KkW6vTlvtkwVeeZG5/Wg424wuDx8pwfxB9abFGXJWNQzLxknCj3J6E+1K7BXYG9vidy3U3PB+d8fgM9aX7XfBdxu5sdVPmMfrkZpJLdo1LnLMex459hjpUXlFmV29y46gEdKV33G1rqTNeXxG77XMemcSMP60NdagPuXc23sTI+T/49UeNow3Ab0P6/hTSgG1wwOOg9Kd2Iet5fltou5gScjMj/AONH22+Q7hdzHPAUyOefzprIxO3PP8OP6/WgpkYB+bov1ouxDzd3/a8mzjgCRs/zpDd6hgE3U4b08x+R/wB9UxiDgjIbv/I0oDHOQT/hTuxCm9v8/LdT7j2Mj4H/AI9Qby/b5Vu5s/xMJH/LG6kK5yT0HYdfakIdlyMAA/MD39/wp3Yrim8vydpu58Dqwkf+jUw3uof8/s/H/TV/8aTYuCSTn+FfXNN2cZz1/hpk3fcVr7UVwRezt7ea/wDjQLzUjyb6dSOxlf8A+Kpreh57Y/lTHDZ2tyR39qdxXfcf9t1Ij/j+nB/66v8A/FVEdU1INtF7cN2J818f+hUuxT9/vUaxsjBE5Q8ncBx7A0BfzZMuoagq5a9uMnuZn/lupP7R1LJJvJ9p44mkz+HzUwIM/MPbjrShGCMRjZ0Axz+NUQ5Pe4Ne6oAR9vuM9v3snT/vqmf2jq2Nn2y4Z8ZIWWTOPf5uKYyBXDkkA96QhFZljySwzgcc+5NMLve7FGp6sck39yuDgqZZP/iqZ/aeqYONQuhz8v76Q8dx97FNMO7kkbW+8B1B9ye30poiX+MZUcBl/wDrmmPm8394v9p6uDtbUrn1/wBc+T9PmpRqWrpGSNRuWU9CZpCc8ZGS2RUcsXAYgjbxjv6DOPU80ggccEZQgnH9c/WkDl5sc2pauOmo3Zjzy3nS8cf73Q11HgS6vbyTUhfzyXATyfK812cKD5udu8nGcDNceQ4BEWRt557j0I9jyK634fMzvqTN38j/ANq0y6TfOte/5F+8I+1S8YO7gn+lQ71X7o49OufwqW8Dm8kx3bFRNtBwzEZ/X6Csrs0sg+U843A8cYGDTjtAG47ATgg9cU1mfsuwdi3X6gU5I8lWI3yD+Jzn8hikMFkbkRrwvRjwuP5k0nljJaRt7nkKOF/IVIFKvhmKkd/8ilOQCAvB5B9/qafQBgQ8HdtGRwOSB61RmnWec55SL5QDjr3PPNWppEhhd3bc3RTWdD88e9v9Y3Vs9fxqbja0FuLyOzC+akjKQWZkG7AHJyQelRw30ciSXMKOqwjzF3KRvjYZ+UN1p15HK9lNb26+ZPKpQKSBjPfNKqMmnJatHiVItipkZ3YweRxilfTUlIQ6rbC2gvnhk+z3Z2Q4XneeBuGeM1ZN7DYX9vbvHI73KkRhBkZHJzuIGaxotMuhZWKRqWntpA8qmTcmBnlQTjnNaGr2Ut5LbMoMkSBvN2NsZSwwMcinpcdtTYjkS6jF0VdV5HluMOMdSV7Vn3k9rDKxkd5HKGRooUL7V6b3weB6VJaz3aKsbLsiUhEjJBLJ0yzdj7ZqM20mkXl3qlhAbz7RFsa13AFXXIXBPUYPIo0bKSuio13EluLpVb7KwBEygtncdox0PU4q0t/Bb3UdhDC/nOnmFmBEYB9WGRnNZpubc6CNCy9vdsRJuuEKLvDeZsDEYxkY4NW7WR5JVu7mHyisYRYy27AGSWyAByaTstR7LREUmpJc3EhMUiCBxDJhcqGbBB9cYOTgU+5u4bWSK1eJ5JJz+5aPlWIG4g5Iwcc1W+y3C3NzfeUWkaTzbdRIFQ/J5fzr06ipL61mvJbNnXCQ72nKNtYl127YzkdzS0uLfVjjcxmza+WN2SInzYgp8wbevy9xx2pTeQPFa3FuWnt7riCRVyFPcN6Ee9TJJcm2kWOLynVfLt4twG9QuMuegNVbTS7iG5hubbbBC4LXtnnKCUKV8yIjAyc809BFsqIwzu2xVBZ2Y4X3OarxXttO8WwPCLgf6M7qQsmOSU/DnntU95bLf21xZTPtM6FN45K5BGT9KrG2u73+zkukWFNMKySFDkSMi7F2egOcnNCtbUVkJLeRW1zLbyRSO8a+Y2xcgKf4ge/IqxGTIiyRuQJAGXOQcEZAI+lVp9PlvtTaeUMlqYhHEVfB3Kxk5A7c45q8dpbOd3oQPWh20sDRVtryG5muLOMGOe0wbiOTgEHncD6HFMg1CG7tZL62WSS1iJU4HLYOG2DqcVG1hcXFwl0+2Bw0iTYOTLA3O0kdDkDGan0uKW0tpIZ1EG6V3WNcEbWO4Dj2NVpbQlpDLe8gumjEKuUkQSrIRhQvbJ7H2pVu4ZpViiDEuzIsuPkyv3hkdMe9Jo9vPYrPDcRCNHmaaJlIb5W6L7YqGKxlj1D7YgW1+ZjPsYlJl525j6BvU09BWWoS6hDA5hkSUybisRVCQzKMnafpRLdRW4haRHb7R8sW0chj2b0qS8jnnvrSaJFNvASZGJA6jHTrTNRtpbswiFd0aSB5DnBwP7p45p6aE2Wg5Zw8bybHTyiRIGHzDHPA7/nUUVxBcynyd6naHQMpBZTxuqRHeOGS1EWAq7IdxyzZBzuxn1qjp1pf2MowMxyIBM7kM0ZH8MfP3TQCitblj+07d1YBJN6SeUybRkN1yfarGWK4XJbse3681XFu8WrG9jTMDR+W7Z5LD+Lb+lWyCCcnA6/WmRJJbIjwOBIdzHgAdAPbNRjLIdwywPPqMVKRzyOCevfFGCGwgyh6ex/nVEeRAyp1xn+8M9aiK5x/dHT1qyAV6Hjr0pu1OcZGOQPWgRXQAHzHGV5wq9R2HtUTIRknhc5Iz6VPIGQYwAG6N9Kj2MTgtk9fagpLq2RODw6qNrD73t2xXU+AE2vqTD7rCDH4edXNyAKOuNvIGOPXgV0/gRpXN+ZfSHYPb97QaUvjXz/ItXiMbybLYG7OF5OOO/akCJH90DB6nPJqa6AW5lYH59w7dsCq7MoRpJD8qAsxHoKyZr1F4wcHk9vT3pVLE+uB+lQ2s4vYRcwA+USVGRg8HHIqxx2yccEilcY4KehPTo3Yf/rprMykDJKnrjpQOBg9/WmuGCFiRg9B6fShvQaGSRxSwOknAIzjHYdOe1ZLF54T5WFiBw3GMkdcelawMaqGJLdN3HFU9SSMHzrdAYpMCVehBHfFIoRS4VWxyB8rAU/ehYOwYkj5T05poYBBgnyyMD29KPIWeSFFPzA5BGcDtk1PUlLUbHvQlxjyydpwf89KtbcY8s4Z+x49s471EqeW8tvcFflOFcDjHY09TkbyCdvAcdaQNajY7VZpNiEzLDzJk4wfwq9GjOhxgY/hOecdOarRExyiU5CONrHp9MjpTtsy3wjBOxkJz1U//XzTuWth9yqMqzbgAv3h6j0WoJmS7jDR/KYzkq3U57VPdREQbXUKQQe/51UKOx2pj5eN7cY9MUMLitHhs4ypHI5qMBFGMZzwD6DFShXIyrbtv3lI/X8O9Csxk+YBWToQOPX8akRDkZwGwV4ANOKPINo+Ykjbjsev/wBepSuXDuvHUsByfTimqo28ttIJKsOhA9fQ0xWG+WFABznOcjgnP880rZyCxLg8gfpTsFsSH5h6+v4UHnJXPTnHtRcQwLuynKn19KYisv7voAcoR6VJyenSmuQMN/CP5HrTEIQRj649cfWhsAkgnP8AX2qQgjjqD8wA/rTDgHLdO+KZI0ls5+96/WomzgR8Anv6fWnlhgkDIHJNMRBIxdyS2OFHA2+9MLdSIhQSOXJ+9jofak8p9wdXKIB/qxz+tTnnCgbVHUDikZe46H8qdySMAADYNvb3P1pHBI2t07CnlefakwxPXiquQyPbj5R260mMAE5wOlSFQfrQcA4PzD26UxEXJ4PGe9MZQQdp+Yc59TUpHemlVBz69vSqJIy3mAPjp/nFJjnA496cEKMVbjPzKP5ilZkI+ZR6AfXvTJZVYSCQIRlWGQfftj8KUDjGOc1Ky4X5yOOc+1NQru2Ku7fxk8BfxoH0IihJO4ZI5HbNdJ4ITY+oY4B8nAPb/WVzzRFTguCR6enpn8a6PwWu178bi3+pJz2/1nFHU0o/Gte/5Fu5x9qlzzzgVFgH5m5/2e1S3KE3M3fLdu1NKZGM8j0rF7m+hCsZjeVgdsUuHRFGMMODn608fMucbT1H+FPwCBk5b0H9aQDdnnCjkn09KAuRTxyPA5jOJcZQ59O3PakhmaWON5U8qTGW7jIp806Iq72G1jtRiOSewxTV5O0nBP8AD+tSWthxVd6uh68sDTZUimQpjAbltvt/jUoVzl2G4Y6d8dqQYIw3DDpjoRRqBmqyKzJJhAudvoB2HNXLNd2ZkUkcKMdWHfHtVpYRIEhZNzMfuY4//VXNeLfF66OzaRo5V9QAInnHKwey9t38qIxbdkHUu65q+j6THuvJP9Oj/wBTbIMu3s3oPrXGXnjbVrhybREs4j0T77H6k9KpaToep+Ibhrks3lFszX0vJYnsmetdj/wh/h7TAsFwr3k0gDSO5wUX/ZC1dqcN9WPc5VfFviBSGeVZo/4oWUAEfUd69A0LV7PX9OSeyGy5i+W5tycsnoR7d6821nTzpOpy2qc2rfPbMTklD0ya2/h0ko1m8ljyIVgxKe2SeAaqUYOPMkB6GqBkaFiG3cN3/H+tZ6BkJhwSUJCEYwffmrH2kMzKVMakfI3die2O1RBGUDACk9QTzWDasD2EOMht2M8NjH9PWmgDcWxnnH17/wAqVoRHhslI+dx65p/lqQGVfkHAwam4rIjIy5ZDg9/b/PSjAAJx8wHH5VKyfKCOpPzEev0pCFTLfwt0BouIrAIi7icbuT9eBgD605SH+6MODyD27805Yw7GXPznt/Lj2xTpFiOWUlZcBcDnOOc0wsMZBx6nqKQhcYYjn+tL+/k+9hT/AHs5OO1KFZDkAN23HrQKxAoblV4C8Fj6duKUR8lj8316fgKkJ+cluvT8PegqOxA9qdxMjk+YbeF4/wAikC5AZRjPfvUm0nAxz796bskVsRt8p7HsfaqJexERyR+tBUZzUoKscY+Ycf8A16aUGcdT3pol+ZEyMAMAEHvTSv8A9ap2j8pTI7hYu7OcAfiay7zxDolkpP2gSyj7scfzZ/EVSv0Js3si3Ku4eWDhm6kdhTQvlccMvTNc8/jSBW/c2bEHks7DOfoO1T6d4qi1W8Sw+yskknRlOQMevfFXytDdOaXkbJABx+VJgA4OCf8APapCrhtrYAHcdfwpvlIc9Q3TcOv40GTsRS72Hmnll5xSOMqGH3QO1SBzzGfvD16EduahBBzApKqMkt6CmJJsYqmSMtkFWxxjPFPJHzKfvdOnP4VHwoG5toj4QDgN3zT2YxRZlbDOcA+hbgUwkuwkn7sBQoMjHAz9M/0roPBq7De55J8ok+/7zP5Vg+WEAwckdWPbPX866DwiCGvSe/lc+v8ArKZVG3tIpef5Fu4/4+nPTn/CmFlUZAyT1pzsWmuAMAh+Qe44wR9RSZJjIGcY5Pt6isDo6jQQrEZPPUjqPah2Q/IHwGO3nufb3NNAx1ySfun+p9qgu0dzDtUtsYsdvbHP8xgUm+hSWpXnkeRzGgACN8rd9w7+1WzJbxSCORi8rD5dv97/AOvWarpeechBQ7tzgH154+lWV2xpG0Y5VhznknNT1He2jLZZnBJJG3grn8qesckiiMJuY/dA6/gPamNEcnjnsO/tWT4o8SN4bsxBZyI+r3I2qoOTChHLkdj6U0m3ZDt2Kvi3xXHo9vLoumndqkq7ZpgeIFPXB/vVynhXwrceIpTPOzR6VE3+kXLdZW67VJ6+5p3hbwrc+JppL65kYadG/wDpVwx+eZzyUU+/c16hHHFbwLZ28QgtIlxFGo4AHc/WtJNQXKt+4GfJi1jS0to1gjtwBGnRSo43ZFRyLOsm54i8jYYEjIYHqQe1aE8IuLf5xlovmB9vSoUMgVHhkbC/cR+gHcCsGUrHGfEUQ/a7B4cDEZDAfXkVY+HlvMtpfXw4gmcRgeuwcn9ata74Rl129S8nvfKgVQvkBeQB97B9TW9p9taabaxadZqUtoh8pbktnqxPrWkqi9mor4uoD1BwTt47Z9aDn75A9hTixBKDr2b+VOVxnL89vxrALCBGK/NwD0HXnrUak5ATr0IPVcd6lwByevv/AEpuDuDoDlsBi3AwPSgLBgqdxOXIxgjGffFNdQwycyOevoP/ANdSPEC5LElvXsP/ANVOwygH/P8AkU7hYgVCV5OAOfl6j8aUDAOMVPsXGSACefpUezLH09aLiGBQBuI6dvWhhtwR35A9KftJGQcnpj+tNYDGT17AetCZJGyqxIXPTDHtnrTVCkZPUcH605UMkh+bBXnb2z3p6RFpdvQNznsMdSfwqhNDNjyNjGWqo+p6TFdLZNeRm8Y7RGDk7uw471zXijxbI8kujaG+2FflubxerHuqEdB71x4AtysiE+fnKMOXLeo75raNLS7DlvueqXV7pujs0mqXCROwwIwcscf7I71y2o+Pl8xotHtcr2mm6n6KKr6V4LvtSdL/AF6RreCblQxzM/59M10t5D4a8Iaf9qW1VpG4t43+aSRvXJ6CnaKdviYrRv3ZxTweJ/EDGd45pY88LgpGM+g44qzB4K1t87ljhHqzf4VZXx7rj3sLSpGlm7hDbKOik44PrXbuwDDBLAjI5/GqbatokEpTitEjlLXwLbkLJeXjSdykYwM+mTzWvZ2Wl2CPJp9r5Zb5XlPLEDg8npVt2A3rkktyqDqPUVKFJAP3R/dpczZjKUmtWQ7V27g3X7retNK9Tjr1NP8AKjHbI7CmESRkhV3r/D60zJrsMeNWUAjOPuj0qGcbeFxvPBUdge9TrIh3A/L259ajdFkQlDll4Hbn3pgrp6ldrcOyyScEAg55/X2pwiHO/LA/dJ7emBTi7tCsbL+/Pylffrk/hQxFqpbGVbhR1O8nH5U0EnLvr09CJ28vBmfh8Lgep7/pXSeFMbrzB4/dYH/fyucNurDdP8zghsCui8JKEa92/dPlYHp/rKC6PL7SNnrr+RYuQqXbNj75w31xkGgkE/T7o9j1zS3aiWaVCceje/GKjDCRFAOM8Ocdx1H9awb1Z02FHcMcDOP/ANVO5UZHyngEUyN1IyoOAcR57471ON8iluDnvjnPvUjMjUw0DrdA/IAFEI4ZjnP8utLEVkhWQnYW+bb1xjpip5JvOm8kxqwUcSH8QcY9aESBlMzOILK3X/SARyuO49sUfmPR+pS1jxCPDlk9zKRPezgrZRtz8398+wrz3SNL1DxZrbJNIS8zeZf3hHCL3GensBTda1G48QasGt1LgH7NYRj+7nAbHv1r0jRNNXw5psNlFhp2+bUHH8THnA+la6U4q+7BGxZ21tp9umm2K+VawjCKv8R7s3qTUpJhLFxkMOc/zFQ+dGWAtjhiMnP8hTrj97btGWKvjIZv896ybH1KdxvkkWIZWBh0JwfqcUpRwgy22McLvIGR9TUFzdwabp8moXQDLbKSRnG8joBn1ryjVdW1HWZnvb2d9znEMKkhVH8ICiiFNz1vZDPXcMTgklu+emPanYyu1uNv3SfSqejSXKaRYxXfzXYiXfnr7ZP0qywycscDo6Dv6Vk9HYaE8xNoJbKDqO+elSBVaNpt6xQL953OMY68mo765sNH099S1I+XCn3EH3pG7KvrXl+t+IdS8RzhJcxWYJ+zWMXp/tY5Y+tXTpOeuyB6HfXPivwxaHbJeec2duUBbH5dq1grOEYHKON0Z9iMjn6V4rLEuFjjTLuQqqOpYnGAPXNe4R2zR2VrGxIMMShh6HGCDTrQjBRt1BO4wDPIGSO/r9aTIBOOUUZZhyPapiGVAzcN0IX3qC6u9P0mya+1KYW9uv3VP3nP91F6msle9lqwZJtY4I+aNuOO3vTJEjhXMsqr6gsAfyNcLqvxFvpiY9BiFnbDIM0oDO3oQOi8VyTSzXkjzTTySyuSXYseSeT36V0RoSau3YR7MzKieYp3K3I285HTqPeo43DbnkGwg4RT1/ya5T4a3ctwb/RJZGKRgXMJb5gCPkK5PTORxXcW0Bkk3XCY2cAHuf8ACs5R5ZcoWViirCRjJggjhc8H3NYXjbV30rS1sYf+PvUMgODgpGPvMMevSu4K2scUl3d7UtrZGkkZhwFXnrXiGva22uapPq8w8uAnZawjosa/dAHqeprSlC8rvZE2VykUS1t1csPm6KOv413Xg7w4thCNc1aJTdTAfZIX5Ean+Mj1NQeE/BTzxpr+uxkQ/ftLM8Fh/fcenoK7MqJpMgAseAOw9MCrqT+yhSeliKR0kjlubh/3MQMkj/3QvNeW69rkmvXxvZvktYMpax9gufvfU11XjvXEtov+EfsSDPLzeyA/dX+5x61z/hHQf7b1BZZ0P9lWh3St0DsOQgpwSiuZiiklzM0/CPhzzgNd1aP9yP8Ajzt27n++w9PSutUYYxnkEFkJ7e1TSszSYHEaDCIOmB0xUZAcYPbpUuXM7syk7u43Hy7jjeOpFMJJycVKBgYP3V5zUZLycj5VHT/aoRm9xmM8etMuZbezQy3kyQoBzkjP4DrVDXdbHh+3XZtk1Kf/AFMPZVP8bV57I893M8907Tysd0jEkgE9vQVok9yoUebVuyPS7a9sL+JpLKZZ1j5dR1A9SDzSCN2PmyHaSMbB0x615/pF0+m6rb3ETbFkYRS46FXO0/zr0iVAjccgU2tSKsHT0T3KwVY3BHRvlJPP0P8ASmzfMCzZDLkj0zjvUjDzMr09DUUzsYsgD5uG9u3FCZnu0+o3eQuQByOF963PBx3fbSSc5iyD2Pz5ArA2n6nHWuh8JKqvelTknys/+RKDWgl7RfP8i3cc3EgHHb9OKgxibAPyzc4H94cH8xVq5RBMxGd56fXFQSxyGPaPvLhgPpzx/WsHudKsKqnBJ6Dp7eq/nSy3C28JlIOwkAj1zxj9achVlDgH5hnB6fXNO+zhkZGXckgIz6euKWo9DMWBUBPO1z9wHIHcVzPjbWltbQ+HbNgZ7giS8lB5WPqIvx611EksWmSTNPk20EfmvKegAB4J9eK8ika41O+d0y1zqE2I89fnb5R9AKulG7bfQFe7udb8PtHSR5tdm+5AfItAf7xHzNz6V22MEgDcx6j1+tSwaW+mWNtpdvEnk2UQEjk4DORmR/fmmJL5atJKwBb/AFajrj0AHJqKl5SbDVsaojV442ARM5dvTHPFWb1jPCtlEwVpf426YotrOa52yvGIgTzG/wB5h2OKwfGOvweHoZbS3In1W6GIeciFTwXI9fSkoy0S6laHMeP9SDXsWiQy5tbJQ9wB90ynt+Aqx4K8Km8ePX9UQraoc2UBHEhH8bew7Vz3h7TBrOt29ldMXSRzLcueSwHJz35r18x+WRDE223jG2NAOAOgx6VdSXs4qEd/tDRFIpLHZwOpqG8ubGws31LUn8q2iGM/xM3ZVHck1fhTftDED1J9q8y8f393da62lyEpZWYHlxfwsxGS+O9Y06fPO3Qd7IztS1PWfGeqxQQRvMclbGzUcIv998cZ9Sa1r9tP8FJ/ZumFL3xNKmL7UDh47cMOYol5G7B61iWev3uiWktrpjLbTXPE14o/fFf7it2H0qtFp2p+S939in8gfPNcujY5/iZiPWuvlWi2itl3Ea/gn+xodfSfXZRGIwWtGf7hmPILntjqK9Vlk3AsSGD8qw6EHnIx14rxnSNIm8RanDpVsRg/vLiQ9EjUjc31weK9iDWVjbM07BLXT4shyeqoOBn36Vz4lLmVnr/KNFfWdZ07w7Y/btTJaR8i1tF+/Iw6cdl9TXlWq6trHjHVYy8JlnxstLGEfLGvXn+pNR3Nzqvi7XPMVTLe3kmy0g6rGnYD0CjvXpFuvhn4daZsuJkm1Rx/pLR4ad37ovdVB45qlFUUrLnqSFv6Gbonw1tY4xc+I5fNmA3NAjbYYwOfnfjPFZ3iGPwv4ivrTTPDlxFaalE/2dXYeXbSJj/np3YHpxzWX4j8Yaj4iL28ObLSO1sD8747yMOvPatj4beFbHUZX8QaoyLb2bAWNu7KoaRfm8x8nOFI4z3+lWlNLnqSd/5Yh5I7Dwx4St/CFtPC0v2q+u9pnmxgKFz8qd8ZOea244Hkb5eExkseAAO5Jrnta+IPhzSHdVdtTvAcNDB90HocyHI/KvO/EPjrXPELmBpfsOnknbaQEj5T/wA9GHLcVKhKbu9BWNr4k+K47qUeHdJn3WMHN/NGeJX7R5HULj86teBvAyqkfiLxFFhBhtPsW4GOokkB7egrj/DenW9/r9jY3DJFbbxJK0hCghPmIJPGTjAr1LXdf0bSNr6ldB93EMER3tgDjAU4A7VU24pQitxeRpXd015lYAWfpkD5QvfH4VyXifxTZ6HC2m6YRcatIP8AWKcrDnjJP972rA1fx/qeqEad4ft3tFf5cp887+w2jgfSsq78L6vpWmnWNRVYo3YK0bNmUs/QkURhZpy/8BFa71E0DQrvxFqLLIzNAp8zULonkg/wgnua9B1C+0rw3pSrsMVlD8sMMf3pD2yT19zXI+F/Fdn4dsLi1ntXuJpX8yJkIAzjGHyOlYuqanqOv3qTajIAWISFBxHErHGce3rVOLlLXZA027PY9E0XVYtcsxfxxtEuTHtY5wR7j1rQxmk0zRrfSNLg0+2dZIgNzzZGHduSwNRXd5pdhGJbq7iSPO0bWBOfTCkmotrpsYSs27IJfmIVclv4sdMd80l3cw6dZTajcD9zbrkL/eb+FR9TVGfxR4cs4/M+0ecSMrFGCSfY56VxWv8AiO58QSohX7NYRcx2oOcn+857mqjF9QjTlJrSyK6CfxFqM1/f3KW0Z+eWSQ/cj/uRjucdqs3urWQtDpGg2/k2BI+0XMozNMw75/hHtWOzxngmnHDrhDj6VpY6OVadkafhrTm1HVY3Cn7HZnzJnI+Ukcqo98138hDtu7dqxfC+sWFzp400KlpdQdY+nm/7S+p9a2TvPCrtHqf8Kl3uclZyc9VZIjJAGTwPWq0jqsoReSTkD36HmrJTAORufBKg9AajMfy7gdzn5t3bgdBRqZrlW+pEImJJkOQewroPCoCm7AGB+7/9nrF4wGHfmtzwyMG69/L/APZ6aKoNurFev5MszqftDt/DnGPwoAwwPO4jOM9u1SypmV2z1wFHqcUDaT8w+YjnaOmetZcup03IoQgZ4nysed6d+D1H51OAqgj+Enr2qKRNm2ccBTyO2O/+NPaVASEzKfb7ufr6UWtuP0OV8fw3dp4fmlSUG1upo1lXowGfuj24rl/AGmpqHiCO6l/499OXzioGSW6IMfU5rofie12ul6eGY/ZXl/eRjpuAO3J71yfhbXj4Y1ddQKGWzkUxXcY67D3XPcdauK9zQtbHrd9JczR/KpQyvtCKNxx7+lSrb2umWr3uoyxwxjl55SAE+meT+FcJq3xWRHYaDZ/uiMLPdH5g3qEU449zXNxWXizxxcLPdTPJATgXNwSkCgc4Rehx7CpUOstAOk8RfFB4mlsfDgUxcodRkU7j6mJT/M1zNp4Z8TavDNrMkTmPYZWurg4aQDnCg8/Su40TwToejANchdRvgOXf/VofVE/xro96srRT58lwUZF4wp4wAKl1VHSK0Gjx7w9q66NrNvqTKWgz5c4HXY3BP4V6vJq+gIq3DapB5TDcvzgnHXkDJzXnOq+BtcsL2RNNh+22EjFoZEIyqn+Fw2ORUdn8PPEd5Jtmijs4+8krZ/JVzzTqKnO0nOw1c6LV/iRZWZlg0KD7TKeFu5uI1PqqHk/jXG2dn4g8UXcktpFJe3TnM1w3CKP95sDA9q7zSPh3ounlZNVc6hOeNh+WIHt8o5P4mutUxW0SwW0awQrwEQBRx6gVHtYQVoK8v5pDs3uYWheCtE0ZEEkYv9SlA3zSgMqP1xGOg5rH+JfiO4ijj8I2bCSWQo1yY+vP3IcDuT2rqtZ1iDw7o82sSYMi/LaRn+OU9Mew6muK+HWjvqurS+MNczIiyM8BbnzLgnlvolKnd3qT1tt6g+yOi8HeHY/DmkgXKD+1bwCS4Y/eRT0i/Dv71H48+2DwtNHYwmbzXVbkqMlIgdxOOvJAFdfdW63bF+Ukbkkd6rJZyrk+YD/0zIyMDtUPm5+d+9rzDVrWPC7CPV/MRtJguBc42rJEjBgDwQGxxmt/Tvh5r2oytPqsq2bN8xaU+ZISfUA8fnXqBldC8aII3GMgAdPbFRsxfoeRyTVSxMuisHKeeeJPAUmjWEeoaNLJfpHxfRMBuX0kRVH3fWuNBluHEcKytJ08lA2c/wC6K95tsGbAbGOXX+8v/wCumyJawTi5toUTzVPzBQG5POTjPerhWko+8rk2PL9F+H+sag5Oor/ZdrgNvcAyNnptUHg+ua73TPDeh6Xp8unW1us8ksTJJcSgGR2Ixwe3titJ2duWOaYexHH07VEqspPyEeGGK4gd7G5ikS6Ripi2ndkHHQVv6J4H1jWGWa6U2Ng4JFxLy5A4wqZzz716o3lNIJzEhnAwJSo3fnTZZHbOctjsK09s2tFYm76FDSND0jQE26bDmfGGupMGQ+pz2B9qq+K9NuNe0lrG3YC7V1kTccBtpzgntWplpOnA7+v0pQABjv6nr+dSm736kt2d+p5rYeCPEN5N5V3GtnAnDTuwYH/dCnmk1TwbrenTiGzjOowOMiaMAY9VIY9a9KV3ZSjtkqelAkZOFNaKpK4nUlc8caDWYSbR0uk2HHlYfAP4cU6LRdXmG+OwnkB4yVPX8a9f88qcOBn++RwaGlkA64HqKrn8hOq10PNdP8D61eP/AKUq2MPXe5DN9AoNdHb+BdDhhMdy8lzMes2duP8AdAroGlLHA+c+3T8TTCpPDnA/uj/GndszlVm+tjOi0LQLZfKWyRyO5G5j9SayNX8HWk8Ut3pOYLscra5yj+wz0rpyqgfLxTQTnPehN3IVSSd0zlNC8ItbyJqesPtuYzuhtkPAPYuwrpSzMN8hAJ9PT2qRsk5Y5zUXlFMCIAgfwt2PtRruTKbm7yYzLycINqEcSHg++AfakVAoCr90dKerBwc/eXhh6GkI/KmrGUnoQrhSyt/D8wHsa2/C4cG7MhBz5WAO3D1juBjdjOOue4PBrZ8MxiN7wj+LyzjsPv8ASnbU2w7/AHke+vTyfUvTukcjPIwVexPQcAZpEmJysS/KP+Wj8D8B1NOliiFwZdpdzjcCc447A8UqkHnGM9c9PwrOzOgRYA2VnYyp2Xov5CmxDIeLtF8o9dp5H6VIQynClmz/AJ6U2ThllA+98rdvoTSfoNFPWtKg1/SJtIuG2lsSW83UxuvRsDqPUVxI+FeqDAbU4TH3KoScewz1r0bBX75GRzx/SgsSSVOAeM+9JSaVkyk2YOleAvDGkFZWja+uR0e5wygjuEHy10LCJoxA0Q8tOUjAAVT7YxTFOFGetSbiFzkY/wA9aTd9WPUbJbQyxeWyKrt0YYyPoaqOpgZY52Vt33XHc+hz3q2COSOp6elNulWS2bKbpFwy/h7VElcaKyuwyEJA70u8kYYk/wCetNToBnHpStkEc43cc9s96waKH4yOT/wL0/CrmnQ73NxKVEKgkseyj7zHsKj+xwdHZi31/wAK5f4l6/JoujQ6Jabkm1EfvZwCAsI4Khhjlj19q0pwvJIbehy+uXV18R/F8ek6UAun25KRFThfLU/vJ2B4ye34V6X9mh0+2h060iEVvaqEjA4BI6njue9eKeHtY1HRNUhn8OgSahL+4ERXzA4Yj5ce5A6GveQZjbQi9RResim5jQ5RXIywXPOM1tXjpFX0QkVUmlEe1JOO2eo+hp0l3FaxJNfTR26cjdLIqBj7bql2WkEM9zdACC1jaZjnHyoCxGfwrwfV9Vu/EuozapqDkhyRDFn5Y4x91VH0qKdNyfxaIbZ7gTDqUS3VhIk4GQZI2DKR0I3LxwagRAwyBjJ+hPb+lct8IBP/AGfqwYf6CJY/Kc55kwd6jtwMfnXdTxCYYCjIPXoQP9n/AOvSlSSbSeorlaOcK5WYAYAxKO/sTT5Ak6Aw7Wfn5uu1SOSKqurRnY/DA5ZW/rjtj0q95MaIBB8vAG4c8Zz36iiK0C5nyobchJD8vZ+x9vrTGYD3P+cVpSoJE2SIGHVQfXsaQIFCbgGdQBuPrRyrcnQqtZygfKwbP4f4063ZIHW3QiSRsmZuy47CrXXIz26+lQQ26W5LISzN1Y9celWoq6YinPH5MzYBKMd27sM+tRsQBk9BVm9kw2wghSQS3bjOBVNyh++cIOg9TQ0rkNCYKtk/x9fb0pCQOScCkJmkToE/uk8/n6U0Zxu27m9z+dBDA5kBGAEXlmbgADnOa5i98daJZziO1ikvUziVx8iA9PlznNX/ABhqb6doEghIFxdt5AVuu0/eKjPpXA+H9KbVNUt7ONC1vEwkunAyAo5wfqa1hFWuyoxVm3seoh1eNJIwxSRQwwDwCM9uOKMgjg/jWjZTx7fsca+W6fcHZh7UXGmSynzLRAsn8angEUIxlHsZpppHYdKtyaffxg7oiw9UOf8AA1C2n3p/fTJ5NtDl5FJ+Z8dFGDxmqsjPlk3Zlc9PWkxjrVn7HLOiXNouLeYZVHJBT1B4OacumtkedNx3VB1/4Ec09BOErtGcSFbe/XkKi85/D1qeKxuJmAkHkxYzk/e/Adq0YLS3tCzwr+8fqzHJ/CnvyMHmlr0KUEt9TLurGSJt8AMsJ42fxj6+oq74WMha8WYbZFMfyHgqPnwDUoJGCO1WtPwXmfHzkIGPrjdjP50k9TalGPOmla1/yJZ8I5c8rwGA+lMAJBKlRg9x29qWZUafkncBwPwpF4+8Dk96TvcvuOXL8Rfezwen50rAMpDgf3TjoPpTlbaQe+Pypd3GeoPQHgUmtNwT1GxkvHuY/MvBB9R/nNIrAnZtx3FIRtmyowHGD3G4en1FSccgjA7k/wAqkoUcAg52/nk+2aVAGOFHUcjtQF5HHzHoPX9KydY1XT9Kie81iY2yrlYLUE+ZIRzgJ159TxS66K4zW3w52hi7A8qozz6elZmo65pelArf3UVs2M+WzBpCD/sLzXl+s+Mta1cMiyf2dp54W3gO0kdt7ZySe/asS3tLm6cC1tZrl26bEZyc98gVXsm9ZOxaPT28e+GIQAksknPVIm6f8CK0wfELwsxIka5CHpuj4H02kmuMj8G+JWx5tkLXIyPtMkcXXpw7A1R1DS7/AEe6Njq1ubefG5M8q6n+JGHDD6UKlT2uM9x0y4stR02HUdPnW6tm+Xeucqf7rA8gj3qS5tLDUYfsuqW0d3bo25Y5Ruw3qM9K8k+Hl/c6f4njs7dn+zXyNHNEnI6ZD4PHy166yrHJsBJI43nqfc1nOPI9AWpXtNM0TS5fN0/Tre1dxt8xI1DKfZsZGfrVhG3rljlskEnvjv8AQ0pUHIb5s9u1Muruy0exm1XUpBFawKSqk4LsAdqLnqT0FRdt92M474p6wLTTLbw7CcXN8RNcFTjbEh+VTjruPr6V5xYadd6tfQaPpy7rmc7eOiL/ABOx7ACl1fV7zXNSn1m9XN1csFhiUdB91EUcngV6v4K8Kp4c0j7VfIRrV8A0+DloozykePXu3v8ASuj+HT8xbs3dL0yz0LToNG03PkQD97Ieskh++7H3NWww6du1NCggHv3pSB16Vmr7sTsI0cUnMigtxyevHTmo5ROSBCwWMAgkjJz2wKl9Qenc0m3HPT096bQtiGGORSZJnLyEEBR0A+nrTsepp7Jg56e9Rlx0HPueB+dJLowDB79D0pCccDJPoOfz9KjlmRFJ3B36BFPH496pmSXIYudw9OB+Q4p3SJfmJqAZpUXoyjLAenbJ9ahZVVdw4A7Hn8TT8FuFyWPrnJrL1TxLoWjxt9rnE15EcGygIaTd6N2UeuTSScnoS7vY0RuYA9z6UJA+4lyEjHzM7HAAHUk155ffEfWJtyWcENnGT8hwZJMdsljtz9BWFe3+sariXVZ5nTogfKoR14AABq1TfXQFTfXQ0PFupprGtyPayb7S2XyoW/hJH3mX6mr+jeLtP8P6T9gtNPeS+kJe4uGYBWbt2JwKxNM0fU9YkaDSoN6RY82UkKiZ6ZJ6/hXTWnw8SNTc63qSx2yD5/KwgH1kfgflWmiVmVJwUeWTM6bx9rMowsMEfoQCSPoSazr3xX4i1DaLnU5VROESI+WB9dmM/jXX22ieAZ5VtbWeO4uP4V84lmI+hAP4VoroOgw8Jp0Weh3Lk/8Aj2aenYzdSEfsHmf9r6nnjUbjPqJX/wAavxeMPEsUX2f+0nlh4G2XD8D3YZ/WvQmsbFYmgS1iNucZgKLt47jIJzVd9J0WRQBpsWOnKhT9aYnXhb4bnIWnxB8Q6eNpaK5iY58t1/kVxXfw6lK8MVxdQ7RKodok+8hIycZPIrKh0LRbS7S8is0Eqn9zySAfUgnB/KrszkB5GOSOf/rCiy6mNSsm1yK39bGqjiVFljOY25X1x6EUEU202PZwtGCqMoIUjBH1p5U9M1Nh3EI7A/jVrTjnzARzxn9aqkYGOvvVrT8EysO+3+tJbmlL418/yHyL+8LHnoPxxxRlc7nBx/n86STaJXx944z+VGAeMD3xz+HSkV1HZJPz4x3NLyOeqjsOn40wemcKeAe/1/pTxlcAcZ4JPWkAOA8fyHC9QepBFOjJlCAL8z9uuaaAB05Hp2z7+9c/4v8AE58L2ht7Qn+2b5c22MfulPDSMPX0pat2RaQvizxpbeGQdPsVW61t1+XkNHb57yYPLdwMV5RdXV9qd/8AaL6SS/1ScgAfeJPQAKOB9BVvR9F1jxLqD22ngz3TnzL29kPyx7jyzua9Z0Hw1o3ha2aK2T7RqbqRPqEigtk9RHn7q1d4wXmXscx4a8C29si6j4ph827fmDTyflRexkC9T7HiuynuLq3sLhrBEWaKJjbRKuACBwFA447VCS0i7iSx+vPFOU7cMMkjkVzSk5O71DzPELq6utQupZdXmklvWY+YZidwPpg9Kmu9UvLxIU1C5e6+zr5dsrncUXsq969g1LS9J1uMxapaRysfuzqAso/7aLg/nS6H4b8O6TcC5sbGMyxfdmmzK+49Cu/OMeorVVo6e7qM574ceE7y1n/4SrVk8lGQpYWzZ3ktx5hU9BjpXevgEux27uuaLi5b/WP88jdFzwB6mqtxNDbWsl9qc6W1onLTSHA/3UB6k9gKicuZ+YbMmRy7FYCBGozJM/CqByTzxjHrXknjvxKviPVBBaSs2kWPyp/Ckkg+9IF/QH0qXxP45uddQ6Zo6vY6V0mbOJJ/97HRfbP1rH8P6I/iDV7fSIQVt/8AWXci/wAMS8sc+p6VdKDj70v+GG3c6j4a+HI7y8HiXVI82tu23TomBG+VefMx3C9vf6V6dK7NL5zHJc4P9DVONYLNI7WyiCWlsnl28S9ABxk+59ama5iZSOd2Pu4qXPmbYiYYyfWlGckjkHqKqC8IGdmT6A5Pv2qbz0Kht20H+Hqfy7URasJjpHEcbP3HQH17VQzIx3MTu6gn19hV0S25B3HII53dSKqxoXJydqjkk9hSl0sIYRLId+8uw6ZJ4P06U1l/vZyeea861r4jarc3UkWgBLOyhJQSsBI8pBxvJYYAOOAB0710fgPXdR8TWd0mogPNaOoS6VQqsrAkqccZGM8DpVOElG7B3tc3wvZeT6USKkEfnXMiQQ/89JGCjPpk8VyPiH4hQWjSad4aQT3KHbJqEgzGMfeEaEfN9TXIJaeKvGl0SDNqLxfekc7YIs9uyL+FNU7q70QrdWenW3iDw9dXT6Zb36S3DqRhCfphHxgkegNchb/CnVJL2Rrm+ij05mZluFJeZh2BUgYJ75NaHhvwFHolyupatMlxexYNtBDny0b+8zMBkjsAMV1kc0qyZyWVjynb6j3p8yjpF3FdLRMx9O8LeHNFDO1sHeAeZLeXeHYBedwzhQPoK4Hxd4mfxJfCWJSmn237u0i7sTwXwP73aui+I/iQyyr4a09tsKAPqEvGWJwRHnqAB1FZXgjw42p3B1u6izpFg2EB/jlHIx6hepq4qy5mNK3vM63wzpraLo0No5xcT/v5yOPv8heeeBxXJfEG5ujqkNlK7pYCMMkYJEbN3PoTXfzOXfzSevp6VBd2llfRCHUbZLmNTlA4yVJ6lT1H4Uo73ZippS5mjyfTNPudS1C3t9MjJlV1JmUHbGAc7mboOletSN0UncVABb1IpkEVtZQfZrCFLaHusagZ/wB49/xoO1I2nldYYIxl5XIVQPcmqvdkVZ87WlkhDz0pWTanmyMEj/vscD8zXK6t46t7dzb6FELl+hupAdmfRE6tWTPovifWbaTWNauBDAg3JHcv5YPfbHF0H5VSuSqDavJ8i8ztxdWM8wt4LyKSfOdiupJH0zTz5nmJ5SkzhgUQdyD+g9a8nt7c3N5bW9oD9oeRQhXqOev0A5r2Ozi3zidn5g+UY6sxGCSfxp3XUKlHklFKV76l58nkjDEcgevcZppBA5pWbJx096Zk9zkUroNQ5PWrWn9Zf+A/1qr/ACq1YdZP+A/1pNK5pS+NfP8AIJGImYY44+ucDvSjLDDZBPOen6Uzcpdywz8zZz2wxXJoy7EsCGHYnsPb61HqU9x7DAx7d+f0FKpAHzdB1z2/Pmmc9M9eue30+tOUAbVbnPc8nHqeKl9ykMvtRtNH0+fV7/8A1NsuRH08xzwqj3J6V4pc3OpeINXe5KGbUtQkxDCMnap+6o9AorrPiXrn2i4g8Owj9za4uLtsdZCDtT6AH9a0/hrotrb2EniS4US3s7GK0OM+Sq8MR23H1qlaMebqzSKsjofDeiQeFtJGmRv5l3PiW+mGMFyPuqfRelaY+7k8g8EdahV8BkOS4PB9jyKesjlSi9Dy3+cVi3d3bGV5I4rXBRv3bcENzg9QBTVEnleZsIjz/k49Ks5GeRn0OOanjJzxyT1PWp0CxUhtmuBuztj7FepP9KuRwrECseM9ge57Z71QvLy10a2ku9TuhaW2SOerH+6i4JJ+lec+IviJdX8clloqGwsG4a5P/HxIB6HPyg+1VGm5bDv0Oz8QeMdJ8O7lkYahqx6WUZ+VP+ujgEKPbrXnbyeKviLqoijBn2crEvyW9uuepycZ/U1P4Z8Dalr5W+vC1lpbHc9xJzLNzyEHXn1Nek6jfWHgzw3cXGlW6W0cS+XbouAZJWG1Wc9WI681p7sHZe9J9RHlfiS30rQZToensbq7tj/xMNQYEZl7xQoeAq+vevQvA+hr4a8NS6trEiWpvQJ55n4McQHyIT1JPXA9a4LwpZWt7qUniDxJIv8AZNkxuL1pOTNM2SkSoOWLNzio/E/iy/8AFd/mZmh0yM4tLFThQo6M4HUnH+FXKPN7vT7TGdFqnxUnjutuh2UbWCNtEtyGLzDpkKpG3PbrXexb5beG5lXyZJkV2h6lCQCQT3wTXlngDTrfUvFMSXUYlhtY2mSFhlS4wFyOhwTnmvT9a1rSfD0f2rXZtruC0FqgzJJjsq9hnAyeBWVSK0jFaiFvLqz0iyl1XUpBDZxglf70j44RB3ZscVzekfEPTda1GLTDYTW8ly2y3lyHGecbgOQPzxXB+IPEOoeJrw3moN5dnGT9ksgfkjXtx0LEdSeTXYfDXQZIIp/Et9EVeceVpqsOdh+/KvpnoD9afs1GN5bh01O2ZCjFTjipIlkySoyuPmz0xVXU9R07QbX7frc/kwtnyoxzJKwGdqL1P8hXlniTxzq+vjy4c6ZpiZAt4WIaTPeRxgnjt0pQg2KzbOqu/hfo0l+11FfSw2Erb2tECkg5yVWTsPTK5FbOqRxeH/Cl/H4dtxbiGFiAuS3Iw8jMTkkLzmqngLR7/SdBA1JyXv2E8EBOTHGQACc9C/XAqhrnj5dF1S50b7Cl6kQUFi/B3LlkkUqfXFV7zdr35Ra3tueYQSRLGFQEk9QBya29K8Ta9oMflaTOEtidz27qGRie5B5z9DWnJ8Qkt1b+zdCsLOUg7ZTGHKk9wMAVlaP4c13xJMWsoTHDIxaa9lGyIZ5bHHPXgKK1vpqir6a7Ho/hzXk8T6e975P2e5t2EdzGDlCxGQyE8gH0qbXNVXQNHn1TK/aR8lojc7pG4Hy9Tjqan0bRrLQbKPS7H5m4N1cHrLJ3Ygk4HoK858d6sup660ET7rLTV8tAOhk6u358VmoJy8jNK8tNjGsbG913U0tI8vdXshkuX44UnLt7AV7dZR2NnZw6Xpy7LW0XZ5Z6t/ec+pJ5rivh1pSwafNrki5urxjFAe4jHXA9zWrr/iSy8L7S48/VWG6C1GcYPGZCOAKqV27IJSblyo1Li1kidiVxC3KN/SqU1zBaWsl5dyCO3gGXY9/RQPU1xuhXvijxl4jia5u5I7SBvNnWLKwoq8hNq8Enpzmu91rSbPVYntpIgYJeGQcfMPuuuOhFK1nqRKmkzjm+IWmHJisZmUfdyVGf1OK53XvEF54hdFmH2awi/wBXaqeCf7znjJp3iXStM8PXSadZzSTXKruuvMA+TPKqMAc461qeH/BrXca6lroK2rgNbWinDOPWQjkD2q1Zal2pwXPb/wACOYtbqSCUCwUm5PEZRdzgn+76flW3a+Ddc1Ii51SY2qP82JWLyn32dj9a7q2tbKzRpLS2itIYh87gAbQOuWPP61ljxVoVxerYxXBeaQhY5cHyyx4C7j70GUq05fw4a99yzoXhvTNNdhaFmm2/v7mTBkIPZMcKDit9VSMbIlCqOgH8/emW9p9kU+bg3D/eI6Aeg9qkyozk49SaGRru3did8Ht3pCBke3SlY5Uj16EU0DAAJ6UCA46etW7DrJ/wH+tVas6f1l/4D/Wl1NaXxr5/kMYtmTcPl3MMeoyaXcQNpBUYHPp7UxidzkdS7Ln0+Y8/hRnblFABHJJPpzWdymtSXeQdvY9Gp8WHkwwJX1Bx0qspY5IHB7ZzT4nEbhsfJ0NRKRaR454iuZNQ1/UriQAN5pjUDptT5APyFejfD7UrC98PppMDrHqNoW82BjhmBOQ6juOe1cN4x0ibRdamuNrHT75jLBORkbm5ZSR0IPb0rFUski3NvI0U6EFJYyQwP1FbOKnBamh7rJG8LLIc5PDr04+tSRxM/ABGOfrXlEXxC8VQwC3lkhuABjzZUy5+pBA/SqepeN/EepRLDNeC3iXjbbDYW+rAk1l7GV+lgPWr7U9I0pfN1O9itx2jZgXP+6oyT+Vclq3xVtLQ+X4ftPtBx81zc5VQf9mPqfzFcVo/hnXfE07Gxt2c/elvLklUH1dup+ld7pfw80PSVim1Rjqd/nLRjiBfbb1bHvT5acd3d/yh0OKhsPFfju9N26tMuf8Aj4l+S3jB5wmePwHNdzongXRtCIutSZdUvuCm5cRRkf3UJO457muj3uUESYhhXhI4wAAPbHFJtAGAOT37/WpdRvRe6hX1HtLLOQz/ACgfdXoAPYCuF+KssyLpcGWFk29267WkGAM9uBXdYJqK70/T9UiS31SBbmGNxJGrdmH9D3FKDtJNi03PH9G8O6z4mlSHToWW03fvbyQEQrjqc9CR6Cu08UaPo/gzwe1nYIJ9Q1CRYZr6QAuwHztsznaBjGBXchlSIW8CLDAv3YowFUfQDisDxX4W/wCEshgC3ZtZrQN5MZGY2J7t3B961525K+iDm11PL9G1q+8NSy3umlBcyxmIySDdsB7qM4yDU+m6J4p8Z3Zuo0lvGY4e/uCREpHUBm4/AV2ek/DHTrSZLnXLo3xTDC0jG2Mt6OTyR+VduspjRYbdVggjGI4YxtUD0AHFNzXRag5LoeB31pNbXNxptxhbm1kaKYdRuU4OD6HHFd1cfFYQ6Zb22naaEvYYliaWYjyY9oAyiL15HGcVa8a+Cb3WdRTWdACm4nAW+gdgg3KABKpbAOQOaj0L4bWtpIL3xXOkpUgw2UbYjZuCBI5Az/ujrTbi0mx3VjndE8NeIfHd7/aGp3Eq2BJ36jPkqD3SFCQDzjpwKzfE2jSeG9Vm0i5YywgB7a5I2+ZGw4bAJxzkHnrXtrSZjSFEEUEYAjhQbVUDoFA4FQXFrY3oUahaxXRjyIzKoYqCckAkcDPalzu+2hPNqc98O9VvNR8OhLwOzWEhit7iQHDxnlVDHrs6fTFRax8PtO1rU5tVN7JaNPgywoob5hxuDEjAIHTFdSBHHGsEEawwRjEcSAKozycAcdabkdqV3e60Ju73Ri2Hg7wvpaqy2f2uZCGEtwd5yP8AZ4X9K2pJpHAQEIgHyqoAAHoAOAKQ4x7U3nHNGvUlt9Spqt6NK0e+1JQPMiiYx7uhYjAGfrXi9osTzwvfFjbPIHusfeIJy1eza1pw1jR7rSgwSWdf3TN03jlc47ZrzGLwX4sa5+wGy2sOs7MPKx6784NXEuDVndnRa98RLGC2Gn+FIPLQII47lxtEY6YjTqT7muGlW4Bae93m5l+cvLnewPf5ucV6VoHgfSdFaO81H/iYaih3YP8AqUPoFP3vxrnPH+l31vqp1uQtPY3QA3gcQkceXgdB6UJrZBGUb2X/AIEb3gaOWz8OrNF8j3crOzA53KvADV10E6S27z8LIin5D/fAyAPqa8v8E6+NPvjpFy+6xvD+577JT0/A13kmUfCk7wcjHqOee1S7pkSupa7M8iubiW/1C5vron7U8zO+exB4BB54xXRSfEDWZIkjWCBHjAUycnIHHTOBXQap4W0jVr57+58y3nlx5nkkBWbu23HU1APAfh8EBJridj1j3BSPTtVXRTlTkldXscdqmv6rrjpb3MhIbCpaW4IV2PTcoJya6vwt4De3lTVfEaCMx4a108Hnd1DSEHjB7V1Oj6BpWiJ/olqguCc+a3zuv/AiMg/Srd1cJB80pMkp+6n+J7UXfQl1Fa0VYdJIuVaVwhbhQ3GfQCq8sK3AC3K42nhVJwfc8Vn3DyXDeZL1XmNR0XvWnC7SQxySffYDJHSh36mMZJ3t0H5/IdMflSdTTTIobaPmb0X+tIRK33jsHovX86d9At3FZ1QDc3zeg5NWtNZmaUldg+Xbnv8Ae7dqqqkacqME9T3/ADq5YcmX/gP9aV9UaUvjXz/IrEsGkK/89Hz6fealYKFJBO4/ypGy3mkj5Vkdf/HzSblHI9OPxrBvWxq1qC7urDDd6lwCORwetMXkAHOR1/xp56YHT1qGUhJY7e4tja3sCXNm/wB6KQZGfUehrlLv4b6NPMX0+6ltozyYThwM/wB0nBxXWFggO44XvTV3HBjXaexPH6UKUo7MpHKQ/DLTYZ1N3eTTQEZIUBPwJ5P6VvWPh3w1pcwkstPSRyNvmTfOM9iN+Rn6CtJUBHzku3v0/Kgxkgg89x9aHOT3Y0WC0hUIx2oOkaDao9sCo50zGGTAKcke1OWRSEUn5m6D6daLkhU8r+N/5UkL1K+7AB6k9BTlGOTy1RkhTnrjgmpRTRD2FHHSnCkx3pQKYIk7UoHemg0v0q79RC/1ozmk+tHNO6CwoPJ2mue8cE/2dpWT/wAxO2/RjXQe3euc8eHGn6R/2Erfj8TTjuC3Omm++R3H8u1Rnn2PcVLc8SA9jgGoz1oSENxxzTcdzT8flTTTExpUHg9Kb6045P8ASmk88fjRpcWo1vbjFBkkIwScUp5ppFPzJZGe9RSLHLBJa3CCW3mG2SJhkEfQ1MfQVE3FDEYtt4U8PadMLy0tyJ0PyF23AZ9AfStRs0588emaaev8xRqxSk2tWRsDjI6jkGozuikE0I+YHJ44qfnNR52kqxwOoqrIzu1qieS/d4yiptkb70g6D6VSPHLEs3dicn86VgxPyjavrUbxZwMlu5pt22JfvbuwjtkHaM+9aMEZ+zxh2yMZ2jisva+0kHg84rYgXNvGP9kVLuyoJK9h3CjCDH0pCacRg4pue1PbcqwjHjgdKt6d1l/4D/WqmcVb045Mv/Af61K3NKfxr5/kV24aRMdZJDn/AIE38qZyx9Se9I8nzSIo34kk3Y/3m70bHfBZsKOqL2+prF7s2e5IXVByctnoOacokY5PyIe3Vv8A61IoRBwAB3xTsk9voah7jQ1QqtlRk/3m5NSjPUnn0NN5NKOvrSKRKBnjoRRv8p1j2li+TkdgPWkXkcU8E4oAZFhpVmHygglUPr3qEZdi8hLEnv29qnmBMDMvDKMg/wCFV0wygfwsOtNMUh4YEbVXIPftUiqNo3fe6cU1BkYPBFSAVokQ30EUE4IOAOo608A56Aimn5Tn+E8Y96kFVoAnHcU7A6fnQOacqGQ7VGWp2QhuP/1U8RkjcflQdSeBWTq/iOx0YmBP9Lvu0Sn5VP8Atn+lcdf6vquqsWvJysZ6QRnagHuB1rOVSMdN2elhMrxGISm/3UO8t36I7qfWNGtSRNeIH7qpyf0rmPG2r6Ve2ekJZzh2j1CF5B0wozljn61zyxJnCjmszUVku3j+yf6uCQJnsz9WP0FKFRylotDrxGVUKFLm55zn9nb56eR7VOEkAliZZIWHDqcj86gyGGD9DXnGi69daRMtzAxa33bL2yY5Geh2g9D3Br0qVVVgycpIARn36fpWkZKXk0eZi8JLDOL5uenP3qbW778y6NDMkim0/GKaao5GIefrTOmafj0phBzn86ZIhBph5+tSZBG4dKYetNIljSKiYenNSH3qIkD5UBah9hEbAnDenUU0kL15+lPdHOATx3Uf403Kj5QNren/ANemlYlsjO4/7P8AOo3VVww5I/lUxBPNMx6/jT1IGsc+4NQueNqnkn8qeJFHyA/N0Wkxt9yepFMm1hj8KAOSePzrWChFVR/CAKz7ZN9yoPRfmP4dK0D1z60pOzRdNaO/URj3qMjIyaeeTSH/APVUN3NEMye/NXNNOTL/AMB/9mqkTzVzS85mz/s/+zUo/EjSHxIg6NLk8GSTj/gTf1pu4hvl6f5605hzIQcHzZMZ/wB5qGJ2nIAYcGs7blvdjs7cjHXqaBkA5OF7mmJtKYqnG12WuIZ189QdpjHDBT0IqGVFGh5gJABzUgDemKp6ed0ARsiSI7ee4HSryk96kqw5QB9TT8DFNGKeMf40xDZcrC5HXGPzqrF8oKenIq3PjyG5+pPYVXRwriQDcF6ntg1UY7EyY+IZXdnJPWpVNMx8zFejcjHSpB71ql2IuKRuBHSheR7jg0D2pSNpDdexH9aegIVULMAOprmPEHillaTStHbYV+S4u++RwVT/ABrrIR84AryfV7tNPvpyyb2mnZUA6A55JrKo5aRj1PUyqnQlUqVcQvdoRUtdrvv3HJGE68k8lz1J9ST60v1/CqWl3Ut41y8h3bHCqnZR7VfbABZjhV5J+lc8o8rs9z6WjXjWpRqx0g/h5tPhK93M0MO2P/XS/LH7e/4ZqjqUYtbWyt4zjbKuT6k8k/iTVqNTLcGeTjb0X0z90fgOT9ar62fktP8ArqDWsNJRRx4l89GpVe2kafpdXfzZLqQNvIL+IZU4W6T1Xs/1FeusYpre3mt3EkMsaNFIOQeBXlc7heX5RuCtdrpbv4Zv/wDhHr1y2mXQWXTpm/g34wufTJ2n0OD3rSk7p90eVnELOk09Jc0uXtLS/wB5u56HoD1pD14pzoUlaN+g5x+hpBkjJGB2rU8caRTWHTPU05mCg561GAzfN0J7/wD1qZNuojAL83QdCtML5PyD8TxUmBnJ5PqaRueMZpi06kLIScuc57dqTgcDj0pxO3IQ7vRff601myMAHd6UEtMaajfaRhvw9aeXOQu35zz7Uwpn75y3YjtTJemrIj5gO0kD+7/hTWD8jIHvUjLuJV+QPumkI4wadn0JbIJPkKP0XoR/KkbgFjwBUrqGUoehHX+VMiQzskecHdhvw6/yotYncuWkIigUsMSScse/sKkbripW5P6CoiMEZqHc2S7De9Ieacf0pjZxxUgNKjNXdOGDL/wH/wBmqkTxirmmcGX/AID/AOzURfvI0h8SKzMN8g6nzJMf99NSMxY7fTgmmyEb5BjrLJg/8DNOAPRug4Lev0rHXX1NHuSKvGF698UhRTMJ14cDaMdPXmgenReuKVOWz+QpMEJDIZCytgOpIPvVheeDxVIHZcPk4DDcD6EdvxqdLhnGUjwB3apLLCqc57d6Q3MYYRoDIx7Jzj3JpsYlcHzQNp4AHXnuaqRboXaLDu8TfIi8KR1BY0Alc09quDG43K3BHtVd4xE/kjOwj5Qf5VPE0oUPMoWU/eVegpZgrxEY5XkN3zVppbslogjJwVPVTj/CpearebyHX5geHx29M1Ojo2cHBAztPFWpdCHFjxnPtT+vB6GiJHlUniNVG55G+6APc1y2s+OrSydrXQoxeTrxJdSf6tT0+QfxVTaitWaUaFStLlpxv59F6s6+2ilZ+BkDoa8k120lu9SZIQMx3DtIzdBzU0/ijxJM3mvfMhH8KfIPwAqRG83EsnLSjdI/XJPJJ/GsJ1dYuK2ue5gMvlCNaFV3VSMVaO+juQWtqtluEGTI/wB9j0/AfSkuZFdthHyx4aUD+Jv4E/E9amlcQpuP3s4jHcsegqusYDBSOI/nc/3nb1+lZq7bkz0ZKMIRo0lyr4f+B8+o5F8tAScyEkvn+8f/ANdZ2tyOIbaP/pqD05rSY7huOMnv3rN1k8WuOWEmR+lXT+NMyxrSw0kulvzRbuz8gP0r1DW9NGraXFGqhrq3jEluD/H8oDxH0DDj2PNeW3ZO0MOma9f5EUDMekakY+grWj9o8rOHdUP+3v0MfRdSN5ClnOS1xEm+3kPWWIHayt/00jI2sPxrRYMBu6D+77Vk6lZCC9S5tj9nS6k3QT4wIL3ou4f3Jx8re9aNpdjULV3KmG5gYx3lufvRyD7w+h6g9xW1tDyGSKgHJ5/pStgfSndV3L0PSo5GUL15yAR1o6Ea3Eyp5zUZ+f2T9TipCiA9KQj/APVTE7IiIx8o4HtTcYPNSH070wmiyJd2RSD5M9+2KaeBz1qR87SQcY5JpkUqecsgG5FbBJ9+4qibX0I2SRHAlQpuHyH1ppFX9R5WNTyM5BrPZPcimthTSukNPPUU6yQfajM3TG1T/td/0phLKefmB6Y7VLZlXWUZxITlFPGSvXFTJhTWvkXGyTntTM0ud6hgcZ/zikIFQ3c0Gnim0pGfrTTnkiobGloMfjpVzTDky/8AAf8A2aqeCee1XdNGDL/wH/2aiHxL+uhcPiRTb/WSkjP7yQYP++3NPRmA2n7uO9McnfIV5zLJn0++w5rOv3ktvPhu2MtpOB5M68GNh/CcdjWbvdmjSbNQOrN5e796Bnbj+Gml5GJWOM4H8XTnvVaCG5ivI4pfmjSL93MOcocEKx9RWiFOeOB6Umg0RD5MzkebgRjqF6j0qS053hz8yHipgSMH2wRUUCmKdwR8jjKn6djS0GnoWQD/ABU/b/d6/qajy5OFPBHT+poDEOq7hvx83qwpq3UNSZeeCM+9KwQRkOcDB3fSkBPOcDPTFGSflKhweoPTFF0FtSqir5e1Pukf5NPURzgI2CehHcVHdKIpVUNsgkHb+96CmxoI2ZojtyRkLyfoaqO5LXW+pzfxCvr22htNLikaO0mBabacF8dAT6D0ri0OxdigBT0Fdb8R/wB1LpwB3ZVjg9etchnfye3AFTO/M7nu4Bxjh42Vr6y82S8qo3Dqf85rVRiUSMZwBz/9asgvlcHkDv6fWtNixhiSP5ZHHLdgvfH1rJrZHoU52UmIXRi07fciysQP8RPGR9TxQiFUIfO8/M+PWhvnkVEXdFCA2e27sPw6048ZOck9u4o8gi9W30/Pr/wBhIHzEfMf0+lZuqnP2dcgLv5Y9unStAnd8i8k/wBKztUQSm3zztY5XHHbn3rSl8SObHS/cS+X5osXZwn+z2r2JyBDbZOB5aHHr8oxXjV0cR4Pr37V7Ytun2WAv88vlKVB6A7RjFa0vtHm5pr7H5/oVZ4Iry3ls7kZhmXa3tnow9COtYYlurSWS/2l7/TgsGrQr1urT/lldqO7qBz+IrfZDCqM5wX4ZeoDY7VQ1FLgbNXs0/02xyrxDrNbt/rIyO/HI9626HlbOxZzE8a3Fq4eCYB42HKlSMgimso8st37n371m2UkOnywpEwk0LUjvsZj/wAsZW5MR9Fbt6HitQrsYpjAGeKWgmrDOCOO9IelNU7QRnJycf4CrEVndT/6uMhf77cD9aaaJs27IqsO4qMlQT+tbSaNH1uJST/cXgfmeatR2NnEvyQjI6luT+tTzxXUpUZvfQ5h2BQgen51Du3bXPyqPk8v+tdbcRQ/ZJdsajCnnFcubYbhLGfdl9aFO4SpNLuR4I6kkdsnpTTweKkPv19KaemP1rVbHO99SJ6W3l8uYAgbGPUjnJ449KRgKikTcpXOCeh9KmWoRdmaONsjR9j8y/1pahSYXEakHE0ON6+o7keual6jPasr6m2lroY3ALYyfSkb0/X0p3UbgcjsRTTwcUnYBhXnPSremDBmz1+X/wBmrMuLs21xskTMG0MGH3ueM/StTTespBypClWHcc80QXvL+uhcH7yK2ws03HHmvx6ks3P4UrJBJH5Myqyd0PIz2/KnKu2R3XBIlk68fxnNKQg5B+Y8FP61LW5TfvAh2gBfujoO2BxipAB/+uomzj5clB1471Kq5AP51FmPQX2456VHPcLAVTHmTOconTgdyT0qUKp74zwD71Fc24lRSsImlQ/KrHA/Mc0ra6lJolguBcozEL5inDIh3Y981NGsceWT5mb7xP8AIVVs7Fkle7lKxuwCLBGMKq++epq7tA47evanbqDavowC54J+X19KcVAGQenSkUbOOmetOWNn4j6Dnn9adtABcEEMPlPIBFRNY+YRJCTHKvIVfuE+4+lc/ffETQLGWS3s7e4vpUJVwi7VDDg/M3PX2rMn+IHiq6GNK0qK1TH+sYNMwHqcYAx9Ka03djaOGrT+GDt3eiIfiiJI59L8xdoZWII7+tcas3THAHUDriuk1PSfFOuwLq2vzNJZQjMMoCqg3H+EDnk+1TzeAZtMS0lu2RlvZUhTDFiDJ0LDCjilJp3tqelh6bpwjCc4xd2t76rV7djmBKu31Gc7a0Y7iOODzZAzHA3YHAH8K5rpZPCVlD4htPDyzGRZAWup0QLsYDcsak5yccmtH/hFNPl8WJoW5pLCC3F1cKT8zMTtRcjGPWl7OTtp5Gv1qlG7527R5o8sd+l9TihNMIiRGRv5btyaRpJV2jy8MeNrcH6V6LovhzSLjWdXs7i3EkFnIiW6kngMuTnnk59ab4e0fTLnSNTnubaOWaCa5SORhkqqZ2gHtil7Oflrf8C/rlCKatOXLybWXxq6PO2F0ZPKCBW6de/51nakZcwqwCkNgMOcYwT+leoJpunjwAdQ8iP7b5O77Rgb92/H3uvSsD4tW1rY22gm0hSEymTzTGACwAiPzY69aulCXMndWtf7znxeKpSpShGElLn5btpq8LX+85m5gnniygAOQdxPr6138PxM00wxJPp06eWqoXG1gSAAcdK09W0rTf8AhIdBtltYlguVm8+NVAD7EVl3AYzg1FJoGkXHi59Ke2VbIWSziFCVHmFyC3Bz0oSqRbs18XKKpPCVowdSFTSDqaNbJ2f5EbePvC9xF8sk0Dg5XzI+OOMcE+tW7fX/AA7LteHUYgW7O20n2+bFZen+EtJ1LWNZ0+WOSO0sJI1tmU45ZAz8kHODUlj8MdOEry6tMZY97eXbx/KNmfl3MADnHXFUp1OqRz1cPl6TtVqRaSkotX3V0SLb2rTzaLH/AKXpGqbpIHh+cW04+Zl3L90E/MvvmtfTdM1IW3kavIvnw/IkynJkQfdZvRsda1bLTrDS4BZ6bbLbwHnagxkjufU/WqGqeI9E0ljFe3HmXC/8u0fzOO4BA6fiaJSa1uccKPPLlhGU/wCVWvJ+pet7W2gAWOPcwH325J981O8gRSZWCIoyzHhVHqSa4yLxrPqltqn2GAWos4GlgkY7n3ZwMjoKuRz3N98P5bm8kMs8tu5kkPU8n0rNTv1v1Oh4WcLKa5byjBrr72q/A09U8SaTpFrFfTObiKclYDCN24jrzkDFYmnePJtY1u30uC1WG2myGZjufAHtgCsO9jVvCvhyI/6kzESHphSTkk12ejReFUmkg0FYZbmAZklQb2XPH+sOf0NCcnLdJaXXV3OiVLD0aMuanOpUvOKkvhjyuybNW6AS2mVTkbTxXOIxCgdq6C4/49Zjjkqa56M/LjNXE88V0SQc8N61UnKwY847d33T2NXPrQ4V1KyKGU9j/StFJpeRlOlGeuzM1XWQHaeQeh4pp45PGKfcW5tyJIzuQZIJ7exqPaTy53AjIHb/ABqk9LnJOFnZkUgEo+UYA/i6HjoBWnA4aIAHcABg+oPIqgx7du1PtZRDJ5T52k5X0wecfgeaUiqb+yTpapGojjZliQkxrnoTnOfUc9DTgrhQsh3yD7zAYyfpUh47VVu7pbZcAhrhh8qf3R/eNZs0XmZ8zB7y453AELnsAAMr+BzWt4cckXMPVIym0/727I+gxWJGGCYAy5JZmPTJ69ea2vDq4a6JOSfLz2/v9KuPQim/32+97fcSLKjGbsyyyK3/AH22D+INORCG3lsvnkdvwqJ/kuS7AeXI7oQOCG3EqffNTYkXG3AxwfXNTu9TeW7sO35JVfu+/wDI1IgUfe44znrmo1EZ5Vg2eDxjkU5WQEFjlU6cfpU9dREi7Bkv6fKPc0IV3dRu9fSkPzH5/ut04x+PFOUKpJUZJ6mkykSbg3D8+ppQWcYA+7yKrmdQdq5kf0Xn8z2p4WR+XPlr/dTlvz/wqeYdiRpUXAkb5v7uMn8BUsPnSnKqI0IPzHlsfQVGgjQHaOvVjy35msvxRqGo6VpkU+mSLFcSSBCzqGG0+gORmi+7NKdN1JxhFe8+pB4J0yxuptWmu7aOWSOYqjuoOBz2PAp2larpVh4Yv4bq7iimZ7hERmG45JCgKOa5eTw54giELX87wJqMgQKJCoLvyGZEOMVonwLbWet2Ol3cvmC7RnaWNSCCnYFi3WpV+iv6+Z7FSFNyk5V9HaSjG8rezWvkPuPGOkN4Sh0SHzZr0Ropwh2Kytu5Zsfyqvrvjqa+tbKKKwML27pJDJI2d7oMDCrjjNbmneGNGh8UXOkvCZrWG3SVVkJ+83UnGMil8IWel32r6zqEMKta20pgsEKjaFx8zKCO5GBVrne7SXw/cZSnhYJuMZzdvaxb0X7zQ5V9b8SP5N+vlQS2W+TzkQtkyffeQvkH0qKN/FW+XxDJNPE9yB9ovUUqpXgKFYYGB0GK6W0xqGgXGjxnEUbXF1fAddis3lR/8CYZ/Crt5Ju+G8ZIwnkx5A9AwqXe1+Z6+8aKrSU1FUY2U1R97X3Xrf1OOm0jxJCFubl7q3a8cKspkx5zt9wH5s8+9Ok8LeILeaGxn82O4vM+REsow5Xl9xBwOD3ruvFRLaboZ/6e7Y/jxU+utjxV4fznOZsD6rTcEusun4hHGTfLanTXMpt6X/hr3TgovBmtyXr6SGK3MaCZomlOwIxwCNuR1Fc54ospNMlSyvZGkmjdky7FwjDaTtyfevZoUnHjO6uDGwtxZRr5uPlLbidoPTNUpPA+h3WqS6zrG6+kklaWG2fiJS2BgqPvdO/FVCKTT16nPiMY6lNwnGC5owmuSOvM7NnE2OheK9UFre6ZNPIifJDdPLtEZHysRk5A+g5rudB8LXel3v8AbGsapLqGp+X5WM4jCE52nOS2D610YRowkUSrHEBhUQYCgdgBWbo2u2uvG6ayRlis5fJZ3GN7DklQOgppRi97vzM62Kq1ovlgo04LlfKrOzeib8zTKgruXCZ5OOM461S0zWNL1oXDabN532RikvBHzckYz1HHWueMkr/Eny2kYwpaHZESdoJU5IXpXM+GdROha4blwVsbt3hlP8Jw33vTKkj8KTqWa00u4lU8C5wm+a81TjWhHupN+762R2ng7Wb/AFmPUbjUSpMFyYoFQBQqL29T+Nc74x8Nx2i33iczlpp5E8uEDCqDhDknJJ4rW8BqI7fVx1H2tiCPQ9Kf48bd4Zk/66J/OofvU7vzLhJ0cdy0vdTlGOnZpNofcafY2vgqaS1hSF57QNK6j5mJUEknr1ri49b16bRxpNqhGmwoVmdEzlc5O9znA57V3GpEDwI+7j/Q1/8AQRVOzkVfhuzDAH2Z8kfU0pK70fL7vQ0oVVCEpTgqrdflTn9l9/VGFqaiTwzoFsnCSzFCR2DEjIrr9G0DRvDDPDZzlry5ADCVwWYD+6gx/KuRuLW9vvCOhrp9vJPKHbhASV64JPap/DvhXXbbWLfVtQURww5LmR90hyOgAz/OlF2fw3do6l1lGVCSddQSlUbp9Zvm0O6uSRay+u08VzikBea6C7ZWgmbnO04rnhyBg8VqjyR4JJ4Py0pYGm+w/OmgEHk9elVstREhwcq3KHqKyg7AuFw9upwjDggen4Vfkfahz1PArPmfytxRd+V+YDnp6iqhfV9DnrtNqNtR5HccimoENzEjnnluOTjGMY9800s/lhydox8qr156D2q5Z2q26eYR++k+9/sjqAD1pyZhCOt+w5HmkXAAQodpJ5PHtVG/i8u4SQjO5dvmHn5h29uDV9iElDEcSDDf7w6GkkjSeNoZRkMM59GHcfSoT1NpK6suplHk471reHfvXX/bP/2esdS2OevTNbHh77112/1f/s9aR6GNFWrR+f5MlZRIkqtwwkcow7EOSv8ALNLFI0qpIDyByvfPdajLsDJgtxLIQo/32HHNRmSO3nPmAxpON0fJyXHDcD1qE9TpktS2GQgtk9fb/PNDAqPMxhPXP6moPNmlGERUx1kkJweP4VH9afFHFku7GaUfwsCAo9h0/SpdrgiVLj5SkKmU4wT0X/vo9fwp3lljtlJPcxLwv58GgMVOOmccjse1SDGAo+Y9yaW4xRjG2NcKOppwHzZJwO4pABk45HbinRxu7LEoyxPSp0GKE3sAv3ugx3rmPGeqWMpi0G3bzr2BxNO0ZykeOQrH+97U3xV4uXTxJo+guJL85W6vBysIPBVD/e9+1cVpeBK37wHIJeU8s578gHPPrSls7Hp4DDP2kKtTT+WPfzOjuvE2q6gLdLvy2Fmwkg2rj5l4BbnmnTeJ9Zu76DUZfK+12gKwsFO3DddwzWT8uDv+WMc7j2qhcXbSbo4AVjHBY9W+ntULm6Nnrujho/8ALuN9bL13XzNy48VapcX0s0LotzdRiC4kVcAIvO1eep6E0+Hxjd6HJIY2hhkvCC0ZQkcDaCoB449656zIWdAgz6kj+lV9cjme+tZI4zIi43Mq5A571cbuXK33kYVo04UXONKMm3GHLZv3f+AdBY+JZNMivbC1eMvfM8l6XUl/mGDg9AAvSlbxe76L/ZXmRHSYwIy5Uh/l5Ayep+grCsNP1TUtenj0q0e4kcMvmgfIpYdS5+VR9a7fw98L7Kwj3eJ5heSswk+xQkiJWHQO/wArN16DA+tXyLrJ9Dili4xetGHNeTe/xLSLK0GseJfF8VrBY2yywWsiywzhSkatH93zHJxx6Dmu2ttKu5p7fUNdnS61O2B+zrbr5cMe/g5ySzH61b8+wsIYLRGhsomxHa2qbUBPYKgH9K5/xtr99odvb2umssd5chi8hGWRRx8oPGSe5FJ2jdt83qZc9TEThSpUo0W7pcqavf4nzPodLcXMVpby3d6/l29uDJK47AccAdfaodE1ez16ybUrIMIgXj2uMMCvcj3BzWJ4imd/DWmafu3XWqvBCzHqcgM5P41W8FEaVq+r+GywKJmSE9R8vyE/XBFHM+ZLoTHDxdCc7/vISul05Iuzf3md4O8SXVnrk9nqdw01tfudskhzslBwnJ4AYcflWz8Pk8qPWF6EXrf1rA07RG1rwzfyWy51GyupHhI6soAJT8cZHvWx8NrgTaZfynJJnG4nqTt5/HNTByvG+2p14uNL2NeUPdlenTlDty7SXqiQnHxHc/8ATmf/AEA1l6VpP9teEdQjjXN3bXMk1uR1yoGV/EZFdCNHvD4ufxEzotgYPJRMkyMxXbnGMAc+tW9E0m30C3ezspHm86QyySPjJY9QAAMDimot3utLv8bGEsTGEI8j9+MKVvJwbun8mYfw3lWbSL085EwBz/u9DW14k0i413SW0y2kWKdnVvMfOAqnJ6c9K0mtltlHlRJEjHJWNQoye5xVa91bR9LC/wBqX8No78JHI4DnPTaudx/KqULR5Wc9XEOWIdePuttSS3WiBrG3l0mPRLsmS3ESwzMvG/aMHGOnSn21na2dpFZWkeLSEYSE/Nx77ic1meJvE9h4Qs4rzUYJLj7SxSCOHbywG75ixGBj0zWL4p8c3mi+HtM1zSraMPquTsny4jGN3AUpk1XJe2nkZOpLVOTs3z26X7naIZGJ8oEdig6Cn+XJtJmIVeu4nA/HJrybxl4w8S29jok9neG0bUrXz7oQKqgybsZDEFhx6GvP76/1O8Vmvr6e4J6iSRnB/Bjimqb76Ec3zZ9HTsvkStG4kQqcMpBB+hFYCnK/L37U7wdgeAtO9PJbJ/4EfpTVfKgEf8C9KmyTaH5jskcelGd3PORTWxjj8KQuMHbyfSjyE2krkNwgnf8Aencg4C9qhj+QtESPk5UAfwnpmpic1FIQjoeAG4I9fTBrZJLY4ZScm79RUVpLmJVA+U73J54X/wCvV5yWbI4z3NUreZLaZmcEpLhC/wDdx6+3NXpFKkc8VE9zSna1u5DNGZEKr97qD7jpSRyF494HOOnv6fnUmTj2qEApKVTo43r9R94Vn5lrsZCfcGOD0I9+4NbXh3O66B/6Z/8As9Ub+HYwuok+Vs+eF7Hs+PfvV3w2wY3RU5H7v/2etYO7RnCLVZed3+A4CV5JtpEaLI+W+8T8xwcYwP1prW0SqXjy1yh3Bm5LEclSfTHFWEAZpB28yTI9TuOD+VCE54yynp+PHPpUW/M2b94EAceYOQQGDHGBxnH4U5Q+dx+UYIOP/rUkQ8lpLYfdX54z1JUnOPwPFSAHB5BXuOnPuTQ0A0IcYHA65J5NO5XCt82Ow/xoPJ3cEf3u35U6NN/ypgerH+EdyazZSJIkMrKijDHrz09zXJ+KvF4gMuh6DJ+/5W9vl6KO6xnufU1W8U+LBIJNF0KTEQyt5fjgn1SM+nqa4WWWEAQQkjbktj+Lj15pxTeh2UqUaaVSqrv7EO/mxs8m2OSGDmMqS0xPLHoe2a0tHVNibBn5PyrJkG2EhzlTGAqe56dOa2dLUoqRkjdsAP8A9enNJQsdeEqSliHJ9vu9B1+WaUIz5RRkZ759gKrDLEnsOPp71NqDiO5ESjc7DAVRkn6AVu6T4IvtQ2T6yx0+1xlYhjznH+7g7c+9QlodVatCDcpysuxg6ess1+kFpE01w2QEUFjz9O1d5pvgog+frs2FPIs4jk/8Db+grZsrbStAtxBYxpaRt8vnOcySE9MseSara1q91pE+nwW6K326QJI8nO1cjOAMcnNFluzjlja1T93RXIp3leW7t27GtLdaZodgC7RadYr0QYBY+wHLGq+i63Drwlnt4JIrWBtsUkox5vfco9PxrlbmF5/Ft4Fsjq1wg/0WCRsRRH+8+eNo9K7Gxu2kt445pIHvIPluIrbHlo/90AdsVUXd6bI561KMKabvOc0pOV9r+X6s4fxPBPJ4jur6AktZeXJ/ugYwR9DT9eu11+O+13GIbaOCCLPZm+aT9a2ILSa48Tao1xCwsLm3MPnkfLuIHAPfFWdP8L29voh0TUCbiJ5ftEjx5QN/dXJ5xio5W79mdv1qlTjTv8dNRSa/kkve+ehn6lDJr+paLoMMxt1t7MTzTpyV3qvTkckAVbtvCs2k69a32kTAadChF087EyOzBlYAKOcggitd7nR9KSNJ5obJpisUG4gPJj5UUZ+ZsdKzfFvitPBtrbvNam7uLvcIo92xF2YzuOCe46CtFTv6nHLGTS5KbtTScWmtG5O7bNPRNIj0C3lhs5HmEshmllcAYJxwoHQcdzVpprCyhead4bCzTJaQlYo8nrnOATXnHi3x1r2ka5p1rHItvYmG1urqCNQSwkAeWNnYE4HIGMVsfGBIx4YtvKOYxdIyY6co/wDQ1ooW5Uc0qkptyk7ye76O22h2EF1BfW6XdpIJrOXmGZfusAcZXPvXOeP/ABXJ4W0mJNP2rq2oErCxGfKjXhpAOm7kAZ+varfgnDeDdGXOMRH/ANDauB+II/tj4hWWlSMwg/0a3x6CRssR9Q1OKXMS9jO8GeN9Z07X7c399NeWN5IsN2k7tIBvOA67ycFSc8fStH4rIv8Awm9mP70MAI7Y3tR8VdF0vQ9Z0p9Kt0tUli+eKMYXMTgBsDuQcE98U34ntu8XaY56tb2xJ+rE1fVMR0PxrI/snSlHTzmI/wC+DWJ48/5ELwqP9n/2Stn40nOk6UP+mxP/AI4axPHf/Ih+FT/s/wDslTHZeoG5/wAILH4w0DQr+a+NpHa2WzyVj3s3JOdxcAdPQ1x/gXw/pniLXrjTdW3ta26OyBG2ElW28ke3pXqnhUn/AIRHTe2LQ/yavOvhaf8Aiq749f3cv/oVQpu0/wC7sVbbzPUo7S20zTBpenqUsrdCsSEljjryScnr3rGDZGScVtzupglyecHisFOVyOnpWcW3dsbViTIznPSop5DGM7Syf7PJz64NOGCQO/tSEkE/zq4K+phWlZcvcacdRx7moGkiZliDjfu6denalaFJZfmQFI+VPq3cfhSyxiRNg+RuqsOx7Gr1ObRMGAYEHp0IqxZS74TCxy8JwBnJ2nlTj6cVTEoZGZsjy8hyRjkdx9at2cEkSmaVdksgHHcKOmTSm9B007vsTHNRyqxTen3ozuX3x1H4ipcEsQPxzTeDx3rOxqRtPGNrA8NyCPSrelBN0zIgUnbuIABP3uuOtZgBhaSLAznep9ieg+hrR0bdunDDgbMH/vrNVT+NFRWqYkkfmbmyciSRcdP4znv+NKpAPbnOfp0z+NPwTvz1LyAdOm49c00nIOcBM4BUcfT1q2rCe7GTFowkq8lD8xP909ambKgHgg+nf8KXKkHPzAjGPb3qKJyFMTAl4+MD81P4is2hp6E4jLEgY2gDexOAo68/hXFeJ/FP21ZNM0R/Lsk+W6u84Mvqqe3vWz4yeWPw7J5TtH5kiq7KcFkJ5U455rzdyFKoPkCsAOcA8ZqbXZ2UIxjBVZay+yv1ZGzh1H2biEDkYzk5xmmrHLcEbcA5fBxjHbqBUixvIis7bV67umeckAf1q9p9pc6hJ9i0uEyHq2PuD1ZieBVNpbG6pyn79R2j3/yKsVvbW/zyktKow3ccdxW1oOialqUrXCr9msyMG5l4z/ur1Nb+m+F7LT2WXUWF3dD+H/lmh9OfvV0BlMu3eOBwoAwB9FrNyuxSxSprlor/ALeZV0/SdK0UNcogadVzJeygFgB1Kg8KPpVOfxPJfXKWGhx77mY4W8uQQn1VTya0dqyja4ypOCnbHfOeKzrixu5vE1rc28ObOGPDyLwo4+6KPQzpShOUpVbynZuN3pdFPX4by1l0mO4mF3qIcsJH+VC5PA2jsKNWs9Wh1PTJtQnN9cyygmONSIoQCD8v/wCqt680qK/ube6mUs9ucxID8ufVq5/VfiNo+lyy21tFJfXCEo/8EYYcH5mBJ/AU1BydkWsXyxhypXSkpprXXomXrvQdRvNWu737b9itZzhmjOZHX04xgfU1oQRaJ4R0+S5llNvZk5kmkJZ5n9EAHP4CuT8NfEC41nW4tL1O3jit7likLR5DRtgkBix+YHGO1Z3jB5/EnjeHw4JtlrbyLbJj7qnG6V8etaRp+9rp10MZ4ipOKg37qXLZK2212ddpPxG8O6xqMWl+XPbCVtkEsu0IznhQSrEjcenFZWq+J9ctvH0Ph+W48nS47mNDDGAN6SBSN7EEn73riuV8c+HLLwnrdpb6VNI8bxJMGkxuVwxB5AH93Nanjr9x420rUCOZo7OVz6lSFP8AKtElfTZowH/Fm7EfiyyWI4W1giZcdiXZv6Cr3xgka61DQrbORJEXA95GRf6VzfxOnM/i665yI44kH4ID/WtfxTO2qeKPCcanObayOD6tIWb9BTS0j6D7mf8AFdQnivyx0S0t1A+imtzxXqH9qfCzRLtm3SrJHDIT1LQrJEc+525rI+J8Mt543eCAb5ZIYVQDudpwKzYdQM3w+utMY5a01GKZB32zIwOPbcn60LVRYHrHg51XwjoxbgeTjP8AwJq85+JLT6b41j1KLIYpDcQt2yhx+m2u98Jv/wAUjpIPQQ/+zNWb8QNCk8QaKt7aoXv9M3NsHLPC2C4A6krgEfjUJ2nYOh00L6B4otbLxFLaRXodf3fnKHML8b48HgEMPSvNPic27xnaZPAigwOwG88Cofhh4ibTtXGi3D/6BqRCqp6JP/Aw+v3T+FP+Jny+M7YekcP/AKGaaTU7dOgX0Oj+M5/4lWlAHI80/wDoBrG8cknwJ4WHbaf/AEE1p/GJ9+m6Xx0kP/oFZXjhs+BvCw/2T/6CaI7R9WD6noXhUgeEdO64+yHI/Bq86+FrAeK70n7vly5/76rv/DEm3wpp23k/ZTx+Brz34ZMB4ovWP/POT/0KoXw1Cr/CepXDZhlyMAg4xWGrAjt6Vq3DHyZNhyCDn2rERl2nccHt71jBjZbUZy3BApCQASegpI/kiBfj+I/So8yyqflVUb8flP8AImumOkV5nFUfNN9kCAqgyACeSB0+tIcHmnHjjoOwqJiw5U4HrTbM9yCaSdXWdMZB2rEVzll6E8962N/mIk2PvgEisp9oYylfm6Fv6ir1izCzQN77T7dR+lRJo1g9LWJSARgfhTWZR04x1p2O/fsKYRz6VDKRBOpG2YfwHDe6n/DrV/SVZXuM8g7Mf+PVXIDjDfdPBqfRwVE0Z6xlVz6gbsH8qqHxr5/kVDdCoHaSVSw2h3I9vmalIY5/2ehPH41AXEZlONwMz7vYlzirDEcLnJxwPXvWrjZGfMnJghl6J9z9ffNNkGHST7u87WA/iPVTT0yASDgHqO59aRwrK0eMblxn0PYj3rO3Qq9jG8ah38PFNoJ81Pm/H6150YlRg8nzZIKLjJJ6AetejeI4brU9IW0tV3XDSLvzwFAPLNUejeH7LSCs0u26vz1lYZVT6Ip6Y9azldNnfQq0o0U5e9JN8qMDSfCM94gvNWc20B5jtx/rHH0H3RXW2sENpCLWwhWCEclQOSPUnuasOSQd33uqkdvaolcjA3HHfP64rNmdStKp8Tt5LYTaQQrf99dQT7insWJGzH4dKCyt8pPIHJGMUzceNv8AwLPT6imZ3JFUYdpD9xSxUd8DOM1wkPirxf4ovH0fw5DHbdSdpG4KDglpJOB+AruY2UrOQT9xsZ+hryvwj4jg8M61dX01vJcs6ukccWAdxOQTntWtJXUna7W1xG14E1HWrLxi+kajNJOX8yK4iZy43rzuUnPT2qv4TtYbj4iSxSwrOolnYRuAwyD1wc9KsfD+e01HxbdardyeVfuXe3tADyX+8dx/ujtWFawa3c+L7qHQZDFqLyyhZAwTAz83zHpWv2n091Abt9bg/FiOG3jUEXSfJGAAMLk8D0xVeTj4qyZGf9OfI/4CaTwzJfeGfHP2HVo1nvJ38iadmLupk5EiP6njNMI2fFBxndi9fn/gJo691y7gWvi0QdcsdoIH2cYz/vtUvxPQxTaDec7hbgc/7BVh/OoPix/yGrE4x/ow59fnatL4mReb4d0m5xzEwTd7Omcf+O1MX/D87gczrkQ1fUPEeqD5hbNGVb0y4j/kKtaBcf2r4y8P5ORBBCh9jDEz/wAxS+FrU3PhHxVcP8zskWCeuYy0hP61D8Mo9/idZCMiKCRs+mcIP/QqtvSXl/kBr+JnZfijYt3ElqMHp1ArkPEVrJo2tarpKfLCJyAvqgbfGf8Avlq6fxU2PiPZMD/y0tOf+BCofitZCHxBFfr9y9hBY/8ATSM7G/8AHdtKL1iu8QO58LN/xSekoBz5Of8Ax5q0o9VsrW6jha6jW9Y4W2LDec9tvXkVl+FCf+EY0n08rn/vo1xWrSw2HxMjublgIRPCzOemCiruP071mleUl2vYZR8a6Svh3xSs1kPLt52S7twP4CW+ZR9GH5Gr/wAR5RP4rsZx/wAtLe3f8yTUvxUuIJ9csbSCVZpIYvnKEMAZG4XI9hVb4jo9prunO44S1g/8cPNaLXlb3sxG/wDF4507Sz38xv8A0Csrxqc+CfDH+6f/AEE0vxL8Q6Tq9ppcOmTrO23zptv8BKgBG9+TR45QxeDvDULDDKmT+K5ojtH1YHc+GT/xS2n9v9FPP4GvPvhuQPE14f8ApnJj/vqu88NMP+EXsQe9qcfka4H4c5/4SO8x18uT/wBCrJfDVK7Hpk7AxynbgYPFYaNvITGR2BrVuGIilPYg5HoazNPXdLuPRR/OsoasJO0W+xaUSBTGnMTfMsjEEAf3cdaecHj8qSNt28LyisQO31FBya6jhkITzzULfvZDHnCgZ+U85/wqQmoJPKYk7ikhGC49KG0JbjWZvJkZiHxkDb7cYPvWqEzGpUYAA+X04rNVVdo4F4ViASPQck/jitNup2nGP1rOW6NIbNjeRnvSEdf50YxRjIz6VJY09MZ/Gremgb5m/iIQH6Ddj+dU+Mdau6b1m/4D/wCzU6fxr5/kOHxIkj05GDOxOZHdiO/LnkfhTTpD8GCXEp/hPT6VMl7DG2HO1lLDOM8Bjk4qQ3lvIRsO3ceo7Zrp1M5Rp80notTNkg1G3XLoSynB2DI9v0qI3MrHYoxx1bg5710MDbjtWUGNiASOTge3rT7iwt58KYuRn5h39c46YouuxLotr3ZXXbqc6pAOMkEDJ+tISyguql1PH4dK05NHjYAQSDcD91uuR796yp7a9tSXmRuWKr6fUfhS5Yt6mUvaQt+aIy7nJx8oP0+tBOT5uOMYBFLtMmDIP3Q5wvINN3L98thP4QOgx6j6VMqEZPTT0HHEzitdfUYw7r+JHGRUgU43Z49PagFRl4zvBpGRAMn5cjO3vn6VH1bzLeLfZEyImyXJC5jbHPsa4X4c2/8AZ/iO5utTiEVusbkSTL8uS3GCe9drF5eJHbKhByPrwM1SktrVgHnJK5yBjhvbFaRocqavuL673RyfhxBd/EqSa3XFv50sgIGFCYOD9DSeF4pIviHceYpUB5zn2J4Ofeu3ha1ts+TGELYzIo5x2GadDZ2McpuYECTP1k6E+v603Tf3rlKWLi9kcLrRaP4lxSuDsE8RLY/hwOfwqPxbBf8Ah/xqdct4TLFJKLmB8Eo+R8y5H416FLb2tyyvdwK7oMLJ0b8xSzLFLD5N0glhwdqNzgH9RSUGmu1uUr61G2x5lfXeqfEDxPbiS2FuBiNo0yVjjQ7nLMQOetdt44s/tvhqS1txue3eN4x3O3KfyatOE29pGYrSFYVPXaMHHueppyzJxu+8e56Y+lN03pbZEPFq+hzHgjT5E8H6xbzIUmuhOoRhgnEe0cfUGsv4X20keoX1xKjIEhVAWBH3myQM/wC7XfuQzAgAFcZUcfyokbzMDAAH93j+VRKMkpf3jSGIjJ2OC8TW9xJ4/s5oYneJXtSZFUlcKRkk4xxW38StOfUtKgntEM1xazcogLNscENgDnqoro1d0UxD7h70xHaM7l4I7+1Y87vHT4Te9ij4cEsXhvTIZ0KSxx7XjIwwwzEZFcv8R9BnuTDrtkhkCoIrtFGSu3JVyBzg5IJrtixLFieT3p4lbGfwI9frQnKMuawlOL6nk3grw9cavrEM0sbLYWrCW4lIwvynIQE92Ndr8Q9Gm16xi1KxUyXVjkPEvUxHqQO5BArp9yi3KIojiJyQoABP4VCrtG25eCP8mm6jck7aLoUeNeHtAvNc1OGzijZYgwNxKR8qIOWLE+1d/wDEqyuL6y0+DTYHmS3JXbEpbaoXaCcV1AkG0qiKgY5bYACfXOKVJTCcxnk+tN1btO2iEVNBV4fDtjBcKY5ktyrRtwQeeCK4rwHYX1pr9zLd28kEbRuA7qQMk8AE13rOWJduSaR5nddrHis+f4lb4ygkdRDLkZOD9DVG0g2xLNMCqSkhHBwOP4TU9wx8hwB1GBWjFCgso7WUbo9o3D365HvRTtf0JqPS3cp4AG0cAcYph4p0sb2ziNzvjfPlN3AH8JpvtXStUcUk4vUYajZAe1OkdUxuOCfujuaVLe4uWAIMMPVmbgn2WlKwRUnsOsYt85nJwkI2r7sev6VbOTznj1FO2RxosUI2IvQe/qabjHHf1rKW5utFYM5z69qTr17USHZG0pyQoztHXj0pkUgnhSYAqJACoPUZ5waQC8HrVzTes3/Af/ZqqY7D86taawLzKCCV25x77qqHxr5/kVD4kaNvCjWrSMoILvuPcAMc/n2ps2iwSYNsfLJGd3v1wR9OKpwaqsJeCSMmJJH3tnqA57fjVga1aK52Idr8bT25559PSuizIlKk27vX0Kcmm3kakIDz1K9Qe/FTx32s2EWHjM8A4BHUevNX4dasFfJzsf8AjbqD3z+NSLPFOWMEisA3K+vr19TR8iVGG8KlvQxGuA8gk+aLuobg+ppx1a6A2SndGTlMjP8AnitG7aOY4vbcMy8ZTG7j0rGuEiWUrbElv7kwwR3x6VSsZT5o7SujSt9YsVOEh2A8uSB19Me9W2tdI1VQQoQsMlVO1s/TvXPugQ7Rt8wjLegJ61GN6kSpKN45GO2KOXsyVWa0moyXa1jabwvOD+6uQUH3VI59smmN4cnyTLOrSEfKcHGfwqWw1yM4Fy7RkDBHUED+LP1rZt5I7iMtHIHQnKkHmi7RtClQmrxXyuc5/YF3FKjOodAQXxyD9RWqllpiqouIRkHPTgGtIn5cMS2D096a4LAAjJ/Kk5M0jQpxvZffqZj2WiNmPauD1/8A10w6Jo87745SvphuPyNaRtbdyWdAc9x/PFRS2NqcHaGxwpHGM8daL+YnSj/JF/gZcnhuTd/odyGTqyP/AEIqtJompRAlYVlycYDVvQW8UGFjLDHv+n4VZUuGwpx169M+lPmZP1em+jXozhri0vLM/wCkQsAP9kkD8RUKEStuOERuuenoT+deh5blXUFfzzVS50nTrwbZYVGRgMvBAHuKpT7mMsD/ACyduz/zOG+ZG2MeAe3XFPEhQAxN9VPXOeR+VdMfCdkMeXK6jOck5J9Bn2qJ/CMWD5U7A/wZ5/E0+aJl9Vrrp+JhpdAsFcYY9qlBWTheSOtWLjw3qVuR5eLhAcgjg+vfnrVJvMtW/wBLRlmyQFIwM5wf55qJU4PVDjUr09Jppeeo8gDp2oCluB1HNIS8eEk+Yk4Lr05PBBqRl2gIp3epHr9aTj5DU79begjn+AdF9KYTjOfpilAPTpSEHoOa56sOqR1Ual9GISTjt6UnOOOQaeU529SOg+tMHynjI9q5tbnToGeMj8RSH8qU7SOD83ek6HngetACDllU/dJGa1DjoO1ZuwsQp+63GavwkvGVb/WRnaT9O/5VrSV7kT6EF3bm4USK22eIEp6H2I96oRvPJtH2dllfoGHyjtkn0Fap9aC7Zwe9aptMyaT3ILa1FruaVhNO2MvjhcdlFSsWPJNKfakPvTtd6hstBp6U05JIpzkKNzMFHvUBld/9SmR/ebgVMgVx+CPvHA9ajaZScRqXI/u9B+NL5TE7pm8z/Z6AfhTgABtxgDoKmzHdERSV8NK21egRP6mr+lxrH5uxQudvPc/e61TcEg4OG7NV3TDnzf8AgP8A7NTp/Gvn+RUPiRA2nXjl5R8qPJKyE+m44H41A1ldovzQHP8Az0HQjoBVq28Qfv5NOkT5IpZMt7JIVGM9zmtUaiUn+yyxmQR5I2cg4xlmPTrwBXV7xzSpUpydpO5zjxXIXdLCdo6DBwOcUwyKv3SyN/D2z6V1cd7DEhWbY9wxJeJT9zb7HnApGjge2L3MUTSSHLInVAOTtHU4p38hPDPpP7znI7l0wxlJkPzLznn61L9tmb/X4l+o5/OrJ0SG9cPYExpKMlHONhPQr68c4rNv9L1KwJa1YXCL99W4c56bQPWmkmRKnWjrv6DmeF/UBv4u+aQqx+4RjsO+azmu3t5DBf5t325CMMgemSOmTUzRzBRIrCQsoYlTkf8A1qrlMHzdVqTkoTiY49h1PtR57Rybo5GVl6YOMD3qvGks74CMu37xI6e4NWLfSr67crEFJHzMTkfL2oshJTb91O/3FqHWrqFi4mLAjjf2qzD4ruoyVkCyb+jEY/LFUW0C/dCwwoXqTz/LniqdxY3MC7pVG3orj+9/do5YsvnxEOrX4nWQ+IbScAgMhOfMx2PSrFtqdscoWG09Seox61wSmReV4K9OetXLOSWeT5gT8uAfpScFY0hi6l9Ud2k0LHKSKRnj1z/9elSeNmaIOBJn7p/pmuPWYRMCuS47f4+9StcSTYLtmRDkHPOT24qeU3WK8jsGn2EA9+h/SlJcglCN3ZT3xXM2+q3ULbi3mRAgMrds8cGtiC/trhRhxG5O0Bjzn1/KpaNo1oy62J21DyWC3EbAE43AZxjucVPHPHMd0UgbHJUduKiXc5HAKng4OQfTP0qF4EWUS7fLkwQpHGSBjJxQVd/IuhmB4OSe317D9Khke0mXyrlAytx844+maInIUq2XfqW9PQ0rvFIpjlA54A9T6/4UDvdW0+auZF94ZRx5mmSeSxxiMnKH6fSscxzWsn2e6iML8kSH7px1wenvXSvDd2uJbZ93zYeJs4I/2fQ0r3VleIYb+Py8jlJR07cHpTv8znlRg3ePuS/BnNqFkXMfp0z96hFDcH73Tb7mp9Qs7WykT7NN8hO4LnPHXj8TVfzlaYoDjpk49eOKHG6sYczhKztddhjoQfmONvcVGwO7ruA71Yl2NuAYMy9QOn1qMYx9elcVSnKLa6HdCpGSVmiJum4DB9acPmA28+tOXu2c44CmnkIg4GCeSMd6zjFtlyaSuRNhWBweOatEgSrIp+SYYb/e7VCyZ5JB47fyp4/1Ji9OQfQ9Qa6adNq5zyrJtX09CdvTj60znoKb9pVkB2lpOm0etNxPJgMRGvcLyx+pq2tRJ32Y55I4/vnn+6Ov5VEXmk+6vlJ/ebk/gKlWKOE/IvJ6seT+Zp2N3uKLBcgEMa/MxLv6tz+Qp3OcHkdhSvjOP84pCcHrwOhqXuO7sIQTz0pCcj3FKQTg55ppb2/GpbCwDHerem43TY/2f/ZqpEHHv2Iq7pg2+aOv3ev/AAKiHxL+uhcPiRzjRxNqF8twxQGeTY/YZkatjR5ijtaxy+cWYuxkPHovPoM81HJaK7TsV+UySnJ6HLk1GkSBWCEopGPTPscfSuzmujkd4Tbt1ZrtMkRkuLSMOHRQJlAYqAT97d7CrkCzedAissiFWkSVhtIAHyqRx1J5rn1mkiXZE+Ez8yH7vbIxVxdfuIw3mfOWGDnqAfTHpS17Girw+1dehNJeyNE6lni2s2WjXHAP8JIx1/SrMV/bSiAK4a45WRu4X+8M9CTisW41WW5bYo2rklVBxge/vWZJl8kE4Tk46/j9KajczliLP3dUdPLbwTrNDcFLm5cl5mZRtRB6N3x2HrUGn6JCznziVRBllyFXPUADvmsGHUrqGMLbngndlvmPrj6Vfstee4Q2+oozK7KRKp5Xacj3xnrTcWkVCvSk9VZ9zevXxbuwgQQsBHFkAbD3LY4xWPaXz2lys5aRtvEo3D5gPu8DjFXZ7P7ZkqyyhzjO89+hCjgYNULjw7e2W4yObhOrFO2aSt1ZVRz0cF9xaXXraS4Mqq8U7jAwfl9sipobb+098iyIZiNjbuFDf3h6k9OKxo7eFF37vu8FiOacz5P7tyrJyO34/Wi3Yx+sS+2lJdti3e+Gbq1xOw8yJRmTaeQfXAqsGjUx+UcHHFWrXXtRttysftCtx85yPfiqdxPFK+9E2EnkD174oV+plUlSspU7rvF9PRly2voA4iuow6dTx8xPrn1rZfQ7K52y2chRiM9ckZ55FcwAJGAHB5IJ559qntr28s2aS3kOTw5Pcj2ocX0KpVY/DUjzLuty7d6VqFqnmMpkRfvFOfxx9KpxyQbSsgJOcYJwRj0roLfxLAxVLhDGSOWHIHYg1bm0/S9QAdkWRm+YNHwcH6VPM1ujf2MZe9Sl8mc5FJLFnyJWwgPAJwB7nvxWnZ69C5D3XQjAPpxyMe4qO40CW2WRrJ9y9Sh64HQVjukkIdJoTG+cFTxkeop6Mlyq0rX0/FHYQXVtcf6pw0ZGTjhuPUdfanKqFge65MZP8z9K40l4x5qZVgAzP0I7cGtnTdXeTZFLy/QMffnOfSk4mtPExk+WWjNsFlG7O6RuqngACmGMSKVuYwxPY4x68U5WLN6L+efTke1OOd4U4Yj7rdeOwNSdFkzIu/D1tPzbuY5BjA6qPTryKybnQ9TtyREnnL03Keg+ldeVLkknaF4IHXP+elMKTjMkT4HQowz04yKak0Yzw1OV3az/ALpwrJLbjy7kNEx4ycg57fWpVDoVjYbnPTH866LVEvZYWC2yzscgHuPoK5Vy8L7JUaORfuo2QTV6S0aOKpB0paN27lwRBnwD7DHc9qsyWGqBciLfH3YcmqEcjrh92NvzLzyK3bDWdTdAxjWVTwB0P1NYyoLdaeh00cQpe7PUxmEyExtEyv2JBApvm7eJTz7cCuqOonafOtSzj72ME/hxUM0Gn3qKZYCqsMoCNpBpx93fUqpSvrCWvZrQ51XQE4OFPSp0k7A8frT7jRL3O+3xJGfuAHkEdjVQJJAxSZCmOGJ6Z+tXZNHP+8i/eVkW89+poB5J71ArHGVOcn8Kk8zseDWbi0aqomHJ+tJlf4hz2NG7Iz0A60h6Z/KoaNExMZzjpTegweAOlKSO3Wgkgc49jWbsUhpJ7CrumDHm+vy5/wDHqo7j17Vc0r70/r8uf/HqIP318/yNIL3kZkuqNFcTRJklJZQVPQ4dulSPrdsqMGi3v0KkdeevH6VlXIP2+7beAvny9unzsCTVaNQoJ6lRycZJx39sV3qCsebOrJTl11e5tC+srjcsqeUxAEYB4XJ+Yse/FPuNLUCL7DcJK8jfLGTkgAZLE9h9axMI67Tyh4Jx09s1LASG2I7IWwAwODx9Kdrak+0jLSULvy0ZM4ePBuFKsenGM+/+NEMU5PmpypzuU9wexrTt5pYk2XBEw5BDjceeSPpmlZ0XDW6BQeq8kfrUuXYfs47pv0ZHHYWbJmTKTnnIxsx2XBqQ2AQK6ruU8/L2HuKjIfaB1weh7VItw6Z2NtLH5s8Yqbsr3eqsKGMLfu3O7OcA88dK0LXWriBdsoEzZ6t1H1qizRyf61QG6Eg4z70x4WWMSRurZ44+9+INFilOUfhenY057fTdYUy2kwt7on5kPCk9OPrWPLa3dpJ5N1E0bn7rHkN75o2gg7hhh1I4NXV1KZ4xBckSRdFLc449aFoKTjU1kuWfdbP5Ga0ciE4XGOuOaBGpPIwR1q2IwqHDbs859KYQmGKNgDH4+1O5i6diCNQ25gMAH5eeQfWpLdCJBKFDZ4Gfu596MAAO/wAozxxnp2OKlLszBsAB+iAc4607jjG1mRqfmZXcBuefU+g44FOjmntysltKyt1UjJHpz9asW9tBcOLbzNkpyN7dM9eTTp9Mv4VJ8szRnkPGcgnOOMUrrqWoSSvG/wAmWYfEl5Ey+cvmIPvYGCeO1Tz6vp2oII72Ejng91HI4PWsFyofD8OvBU5wPp6UgYq21gCeqsfTnpSsuhX1iolaTTXZos3ccSuPsj+dAvdvvE8cYxUOWhyFwc/Lg/w+34U0O8ZLA5U424PX0H5VNE3yOJB8zYIHGeeMn2qvIzupO+z8i9p+vNYRC3uAZonPBHJUdCMdxXQ2s9rNEHs3WSNjuJB6dvrXJxPbKCssW9HGEK8AHPJzT7a7fTJ/OsjmJuGhYce+PxqGl0OmlWlGyk7xXXqjr2fcwUjBPIYdOO5+lNZurddvBOeOP54qDT9Qs9RUvGwV/uvCTzxyePepXAVSW+RQcqv8sf1qTsTUldO/oS+YFUFT8hGA47fhVe4S0nwt9ErDsxGfxyOlMW4xt3qVDnLOB/COmRU5KFSysPKPUnufxFHoDtJW0fk0Y7+G9OuQTZTlHJztzuAHoR1qaLSZbMAFBIqjl1PIx0wtJPa6dendDL5Nx0yDtYkdxiqr3HiHSGPmN9rt+o3csMdsjmnq9LnO1Tg+bkt/eht9xqpdwx7dzDeeCCDnPqasblI3hhIO4UZ471jxeIdMu+LlDGejgqCPTr1qxFYQSI82lXhTuAp3DPutK1tzSNRS1jaXktDRzECDC21SMHHp6ioZbWG8jMZjB2njPAOO5qg8mu2uWeJLhcYG3hsHvirGn6vbznyHzBOByknBY/U0bFc0Ze7JW9TPn0O4j3tburJnhcc/QYrNmiuIDtuImQ+pHFdjg7g24kEdP8PrSzRl0xkYPXIDfhzRzESw0X8LscUTxgHijP5Vs3en2qqcJ5bbuD0BB7isZhtYoedpxT91nNOE4PcXPekAwD6Ud6TIHelyLsSpvuBGevSruljBm99v/s1UucbipC9MkcVe0zky/wDAf/ZqnkitVujehOTqxT2d/wAjmb4kXd1nlfPlBGeuXY81CiFjuDhQMY/oKvTQvLfXG0qwE0mB3DF2IHueCarrvMrJJGQQASpGM5HUfWulPRHDUT556faGBCSUcgBRkenr+NWbVYVfzt3z/wAI7f5FVHVcLluScA+tBMmVV1CKpztPVscfXim1claWNQTpISVVnxwcDLEjoBUZvQmUK7WzjaT269aorJKjlkcxuTxg4HHv9KljvZ0zGCJI3yDuHI7c/wA6nlsWpJlj+0IB6gDr/wDWzT11K3LZdcZ4GO/v9KhePS5ECI7wngPuGVB7nHU5qtdWRhfZBIbiAAESAFTg9ipH8qOWJTU0rqz9DTEqSjKHIHRQcYpVYoRn73qeAKyFldTxkA9R1Of6Vcim8slnbcrDnPShxM+d3LsmHIUnL9fMH9RSMzMMKfMXpv8A/wBVV0vFjJKx5HcDv9Kljvo15VdobqB2/A1PKyuaL3ZLjy0JRiVP3j/hSrtKhUDE5zyM59KajCUExyc9dpwPypNyrwykge+D/Sgd+vQlDFC3ltnn5kPOO3FPjiS4HmR5WUcBO9VCzNIZFXBAwAKcry8SocEYG0nr6cUWBTV9hQAW8mUFCDyxz0+nXvVq0v73T3KxPvjj5MeTtI+lSi+tLyMx6lGPPHyxyoAMdufWqtxazWeGVhNC2VjdeeO+R260t9C9Y2lB/wDgP+R0MV7peqFYZowJ8Y2kfKzH379KW50DT3xhtgPIJPb2rmFkO0KFAC4+bGCPcmpotevbb9zOoktxwN3bHTaaOV9DaNeElapFN99jcbw3bznfG+A/cckY4PNV5PDMgO5JgwB57En0P0FU11aKQs0EzWztxsYkq3cFe9Wv7W1AbZSQyg4PAIxS95Dvh5fZ+5kcuhXyqykqz9VAHfqDx+FU59M1O2j3SxEgcl15HT6Vof27dCRiRyfUYK+9Sf8ACQ3ikNtVh0K44Poc0XZMoYd9WjADozZyUft1BU+laVprl5asC/79BwAx554/SrcmpaRftsv7UxyD7sijuevIqs2lRSkNpl2GznKScEfSnddUQoTi+anPmXk7fgaVt4g0+chblfJlIIL9VH1PUVdkV3gMlhIkitkhM5DfjxzXJzWM1u+LhMHrkc5+uMiprdZ4Y1uI2cOD8iL0/AcUnFdGawr1PhqRv5rRjrm5l83BjEUqffQ9QR3FKNTvIxu83eo6KSDWsLE6pb+beKVc4CyA4b39vzrHv9HutPIb5ZYv4f73/AhTTRE41Y3lG7i+/wDkXYrPTNXRSGW2u2ySB37dCRSP4burYiS0lZZl5yvAP6jBrEypPJKuOQR1+gNaNnrl5aMnmuZoR99D1bsOTmiz6a+pMKlKWk4tS/mjoTNqPiC1zBOhbPQkA8H3FURNLdsZSN0gPHHJPYL7109rq2m6iREy7HxkKwAH0yal/s+xik88R+W2ODn5ffGKm/dG/spTtyVOaPnuZ2n3+pRDyL2E7T9xh97HrnkGthRC6hQBleQvU/U/hTEiDBmCja3THPy+ntmniHy8bOFXl26/QfSpujphFxVr39RJ4GvImibhSvB6c9uRWKPD8YyouMnOAx7fX1rb8+KNjvmGOqrkAZ68ketQSahZMCwkXdwdnGSRxwc+tK3VBLkfxWMw+HSclZ8Y6Ajke59qmt9Ft0ION235iW9exB6Y+tXU1HTlKxvKCXGSxwNvseev0p7XdiEJ85WIH3Q2Qc8kAnjkU7PzJUKW+hBMkaxuZPLWHaA8mOMngEDtyao/YRp53A5WYAr06Ae31qw+oWtuzySujRLuLKeMk/dOemCOOlY+l6o2r3l8oINvAY/JCjGN+/I75xtAqmnytguT2kbW5ne1vQ5m7lVdQu+oKzy8jgj943OasLeTuoW5k8xDyxIXOenDYzjHaqN/G41G8P8AfnlOP9kSNTAvkctyDjIB5H0NbxWiPMq6Tnb+bZlpj5jkRjap7ntj0/ClA2OpdwxA4P8AF7df1qEyKRhSQvHynr69fepFmJA2gsx4BP6ZpmTYFVw4lYsScjPH0FGDtJOCnoOv4UmFzmUdPryT6+1PGx8pE+3b1B6fmfSkK5WYsST05Iz6fhSoZSBiQqSePT8KthFk4bBI6EChokxhlG0dPX6cUx89tEyGMYY5JcN1z6/SpwQE6fJ6H+maVUAyiZQenb86XO0bX5HakS5XDG0AqT/sj39aQYQ5IJzwRjOad5sYwpIyeAD1qT91wu45PWlcS1IJA0ZAT/gRHUfSrkPmGLDMT/tH+VNVADwM+9Mklwc5wg70nqWvdWrJgE3kvwMcKO5/SlOSwb7oHT3/AP11V8xtpZCOfXpj1pTO4wuSM9CeR+lFg5tC0csNnXuvGP1qSKSWJSB84YYKnng8d6oGRidu7gc4P8807zG3hlP4Uco+dLW+nYuuoOVTHl4zsJyR75P8qzn+R2Ei7sA4Xvnt7U8TO2UxtPZvf3prGQkhznjr7+1NKwnNMRcgKQwfI5J6j0xnOalhuJo5NsRLYHJHAJPQc+4qm/yE4XlhwOMA+1OJuFdWxk55H0zyfwptJhGSvq7eh01tc+c4jvYw0j8FtuCO3XHr71dvNIghjMoRlhwSeclT+HauVttSurSfzGTzM/eAbGehBy2c49OlaVr45tYyiXccsZiOPJBUhhzh24HPPIGM1m4yvod1OpSlG0pajJPKCEJkbTj5+v8Avf0qFcod8Y2v7HA57jGK2JdY8PakckAAqSXU4fHpgdeTVBrbSptxtbxvMxlY5BtGOgyfXNCWmqMZwad4zT+diMXd0pJyX3feDU+G/dJVfaGx94HgD9KpPvTKtKCBngZ7fr3qNnlIOGIJ6+vHoaagZurJbt39Tr7bxHaugS4TyXH3c8qar6ndkSGWMI+9R+9U5IPpg8YrkxKx6sSTwD0qKaeeAfu3OT97HShQNXi5yjyyt8jXkZJSPlCkcn/9dRONvQZH14rIXVd5/enb6kYz/KrkNwkyFo2GOhOearlZzyff8CyyocdQx6ex/CrkWt6jaKE83z0jwFjYbunvwazY5M5yd3br09+KfsiY7xJscdVbuPbtScU9xwqSj8MrG4viky4zC8TD76oflb6dxUVz4klEQWAMg7qeWOfT6VTWzulBlWLchOV2HJx7hc/StGx0oMzTXe2FCMxOx2svruDDt0qWoo6oTxE9Fp5nPSXkrD94zg5LGNiThs/eP9KgRJNzGPeC/XaOB+P17V3It7TAje3SVVyZLggsNw7kjqMU9LO02yK8aR2jDclwxCnd0KkHsO1HOl0KeGqN61GcOIJGZCwf5Tu8z+8Rn+E9qQwXm/zImkUOfmQ9AScDIPrXoENkoVUCRoCT5fG7Cj0x3z6mntAu0bVWKQDc74BCnkluvUUc/kNYVrXnZ5zLperJGwuC0kQHzhDkBexOOABmtPwdEIHv0BBwYgQOox5nWureCMrxKWdBu2ZCDaegJxn5evvVJbOCyZngTZJMcyv/AHtvQ4JPcmlKV4NW7fma0qPLVhK97X/FWKzaBpMrtPJATJIxkdvMkGWY7mOA+Bkmk/4R3R/+ff8A8iSf/F0UVlzS/mf3nV7Gk9XTi2+8UH/CO6Of+Xf/AMiSf/F04aDpQwRb4x0+d/8A4qiijnl/M/vD2FH/AJ9w/wDAUKND0sEnyOTwfnf/AOKpf7G00cCH/wAef/4qiijml/M/vD6vQ/59Q/8AAUH9j6cOkOM/7b//ABVH9j6dnd5PPrvf/wCKooo5pd394vq9D/n1D/wBf5AdH048GH/x9/8A4qk/sXTTjMPTp87/APxVFFHNL+Z/eH1eh/z6h/4Cv8gOiaYwwYP/AB9//iqF0TTEGFhwP99z/NqKKOaXd/eP6vQ/59Q/8BQ4aZYr0ix/wJv/AIqk/sfTT1hzn/bf/wCKooo5pd394ewo/wDPuH/gKEOjaaW3eTyBgfM/T6bqUaNpoG0Q8H/bf/4qiijml3f3i+r0P+fUP/AV/kINE0xTuEJzjHLuePxalGkacORD/wCPP/8AFUUUc0u7+8f1eh/z6h/4Cv8AIP7I0/r5PP8AvP8A/FUf2Ppw/wCWJ/77f/4qiijml3f3i+r0P+fUP/AV/kJ/YumnBMPTkfO//wAVSjRtNBLeTyevzv8A/FUUUc0v5n94fV6H/PqH/gK/yE/sXTTn9yeevzv+nzcUjeH9Hk+/bA9slnz+e6iijnl/M/vH7Civ+XUP/AURDwvoSNuW1ww6ESSj/wBnqX+w9MAwITjr/rJP/i6KKOaX8z+8PY0f+fcP/AUL/Y2nHrCf++3/APiqU6NppwDD06fO/wD8VRRRzS7v7w9hR/59w/8AAUJ/Yum42+Tx/vv/APFUf2JpeNvkcHtvf/4qiijml/M/vD2FH/n1D/wFEZ8M6Ix3Na5J6/vJP/i6F8N6LE2+O2Kt7SSfy30UUc8v5n94ewo/8+4f+Aol/sbTf+eP/jz/APxVH9kadjHk8e7Oev1aiijml3f3h9Xo/wDPqH/gKJ7ZFsDm0zHxjqW4/wCBE1ILiZSWUgFjlsKOT7jHNFFF33DlitEkl5Kw77ddA539evyrj8sU37XcYKl8q3VWAI568EGiii4WQn2iYcBsAfdAAwMf3RjA/CmzSyXYxcMWHt8vT/dxRRRdhZdhrqJSzOSWk4chiMjAGOCOwoVAhJGST1LEt06feJooou+4WS1sj//Z', 'The man in the brown suit', 'Agatha Christie top novel', '189', '1899-12-20', 4.2, 1, 1, 1, 1);
INSERT INTO `books` (`id`, `cover`, `title`, `description`, `pages`, `publishedDate`, `rating`, `stock`, `categoryId`, `AuthorId`, `PublishingHouseId`) VALUES
(18, 'data:image/jpeg;base64,/9j/4AAQSkZJRgABAQAAAQABAAD/2wBDAAsICAgICAsICAsQCwkLEBMOCwsOExYSEhMSEhYVERMSEhMRFRUZGhsaGRUhISQkISEwLy8vMDY2NjY2NjY2Njb/2wBDAQwLCwwNDA8NDQ8TDg4OExQODw8OFBoSEhQSEhoiGBUVFRUYIh4gGxsbIB4lJSIiJSUvLywvLzY2NjY2NjY2Njb/wAARCAHzAUgDASIAAhEBAxEB/8QAHwAAAQUBAQEBAQEAAAAAAAAAAAECAwQFBgcICQoL/8QAtRAAAgEDAwIEAwUFBAQAAAF9AQIDAAQRBRIhMUEGE1FhByJxFDKBkaEII0KxwRVS0fAkM2JyggkKFhcYGRolJicoKSo0NTY3ODk6Q0RFRkdISUpTVFVWV1hZWmNkZWZnaGlqc3R1dnd4eXqDhIWGh4iJipKTlJWWl5iZmqKjpKWmp6ipqrKztLW2t7i5usLDxMXGx8jJytLT1NXW19jZ2uHi4+Tl5ufo6erx8vP09fb3+Pn6/8QAHwEAAwEBAQEBAQEBAQAAAAAAAAECAwQFBgcICQoL/8QAtREAAgECBAQDBAcFBAQAAQJ3AAECAxEEBSExBhJBUQdhcRMiMoEIFEKRobHBCSMzUvAVYnLRChYkNOEl8RcYGRomJygpKjU2Nzg5OkNERUZHSElKU1RVVldYWVpjZGVmZ2hpanN0dXZ3eHl6goOEhYaHiImKkpOUlZaXmJmaoqOkpaanqKmqsrO0tba3uLm6wsPExcbHyMnK0tPU1dbX2Nna4uPk5ebn6Onq8vP09fb3+Pn6/9oADAMBAAIRAxEAPwCC/vtTj1K8VL6dEFzKEQSvhVDsAFUNgADgCnSX2p7fMa7mVSMHEzrx6jDYzmotRixqF/Kck/aJWXHX77Dj8TioC/m7UQE7V+YZ6cZ+7XfZNJ2Wy6AXpL7UmjV5L6ZC3IRJXDAdOzc81DJqeppiM3c5c8hvMcHHbjd6VTkmZ8umAVwCFHOB3B/Cjmb5izbyM7mOCB7dqailul9wi0+paoPu3lw27/ps649x83NRHVdUAUfbLnB5z50mf1YVAWwNgBbtjPb26YxUbEsu1zyMfNjtVKC7L7gLp1PU1bCX1y0jYYK0z4A/76xT11XUCSJL643HPSR8Z7Yw/FUVZVYKqkse5609zhvmGAR1/wDr9KTitrL7gLK6vqQJjN5cFxyMyv8A/FAVB/a2rtk/b7gEdAJnx+PzVETH93AGeMnqM+/GajKIMn+7yR61SjD+VfcBa/tLVlI/4mNyQw/57ScH/vqg6tq6sE+33JYdcyvz+tVVO1cdQefQj86GwNoH3jznvT5Y9l9wiw2p6vt3C/ucjqBNJj/0Kk/tbVSMi/us/wDXaTH/AKFVcjqPzJ/xpgDNwelPlj2X3AWzqusH/l/uQeMYmkH5/NSrqesA86hckf8AXaTr/wB9VTyOlODMPpRyx7L7gLX9rauP+X+4P/bZ/wD4qj+1dXxn7fc4/wCu0n/xVUzz0oBPTPFHLHsvuAtnVNX/AOghc/8Af6T/AOKpv9qav/0ELr/v9J/8VVc0lHLHsvuAs/2pq/8A0ELr/v8ASf8AxVH9qav/ANBC6/7/AEn/AMVVagU+WP8AKvuAs/2pq/8A0ELr/v8ASf8AxVH9qav1/tG6z6edJ/8AFVW9/wAqOnvS5Y9l9wFn+1NXP/MQuv8Av9J/8VSf2rrH/QRuv+/8n/xVV8e9GRijlj2X3AWf7U1jvqF1/wB/pP8A4qj+1NX/AOghdf8Af6T/AOKqt9aDT5Y/yr7gLP8Aamr/APQQuv8Av9J/8VR/amr/APQQuv8Av9J/8VVaijlj/KvuAs/2pq//AEELr/v9J/8AFUf2pq//AEEbrH/XaT/4qqw5oo5Y/wAq+4C1/amr/wDQQuv+/wBJ/wDFUf2pq/8A0ELr/v8ASf8AxVVfailyx7L7gLI1PWC2P7Rusf8AXeT/AOKqydU1MgxvqFxgcgrM4J/4EDk1mjk4NOA4/Gk4RfRfcBf/ALQ1JVVX1K53HJ4mkP0HDU9dR1LzAP7RuCMc/v36/nWeIg2M8Z/mKkjTDbuj9QvOAPU0nGPZfcM0Eu9VCtu1CcMx2qTNJgDPUEt1qVL6/MhVr+cBQesr8988NWcXaQg8qi8Ef3j7VOrLIVU/LjhDzx9cdenes3FeX3DRo2N/qLX9qkt1K8bzRqVLtgguOCCeRiioLM51WyB5Inix/wB9r1orkxGjjbTQZFegSavfA5VhPLhu4+du3pVeLbjB+8pO9h9cDApdTbOq3wY7W+0zYkI42+YwC5HWoZGKkEk49ex967Yr3V6Ikb8udy/dB7djTxxk5yw5JH5d6h5LcHbnoR0NTqAuIxncTgnqCPxqmA1I/O6MEZefmOC3r9aaXwGV8KGGM+9OlR0wuOB0z6n0NMaQsOfv+mP6UIByHnbEp6/eI6+tKRIw3feGeh4zSR+aCAuF4/z1pmQnyFyQT2/XNFgLCWV7eRF7S2adUO392M4PUg464qL7DefaBYrC7XuNwgAJYjr0q5o0qxakJXlEMMUb8u2ASwIGM9zUeiSC31iB55RHHGxLSt93GD/F1wahyknLqkrrzYaafiV/sd2ySXBgYRQHbPIBlUI7MRUkGm3syrJDbu8UnEUgHyk+g9atvPanStQihjjtpHlDKquWaYAnJwx9+1LaXUEWjwR/JJcCRyEkfBiDLtDgcD86TqTtouqW3S24aGQ+5W2OCJlYiQHgDHHNTRWV9PE81tBJLAucugyOOuD7d6huYmjkeLzROQf9cvKt68mtuxlk1O70kWky2401R5sDME3bTklckBi44q5ScY3XZtvpt+oIxYLW5u1d7OJpljGZWUZ2j1b0pZLO7iiiuJYmWCc7YJCOHPovY1q2qzRahqkN5CbH+0InSDzFKorFgwBbGMEDrWXeEpDaacJBI1tkNIpygLMW4PsKSqSk7K1lbz0t/mFh02najbI8lxbPGkQBlZlPyg8At6UQ6dqFxGsttbvLFIcRuoJDEdge5wRWprMlveSyrbSxIhAZ7neSZdiACMjnqRxxUdjcwRaLHEVSS6FxK6xu+0xBkVFkA4Gc880lUnyJ21bSt2TCyM2O1urhpY7aFpXgUtLGgyyheCxAycDrTVt7h7X7ckZNmDtM+PlDdgfTvVzS1ktdX3wX6w3Furst7nCuxQgLk9QScHil1G50+6tvtdqn2fUJ5R/aFkv+q3oCDPFjjD56djVc8udRto7a9gtoZoBYrGgLyMdsarySfT3NSTwT2rKLmNo94+QkYDY6gfTNXNEurezv2e5wiSwyQJOBnyndSqSHr0PNJIUsfD0mlzyrc3s9yJoQh3CJFBDMSOPnJHFNzfNZLTT53/yAYdL1XaGNo4AXeo29Y+pf3HvVVMMQqYLk4Hpz6Vsaje28dpYRRFZrpbQQm4RzmJtzMQQDg5XisZYg8qxkgBm+83AHuTRByabem9vkJ26EkttdwXIsp4HjvWxstypDtu+7gd8+1SR6ffyzvZxWzveRAtJAB86qOuR7VuPqcElzaTyTq2r2UvkQ3A/1Ztj8wkLeqDIH1rLa6kt/ET3ttKuPtJkM/VCjHv3wRURqVHdcqTUW/Ju+3oOyKctrdW8cc88TRxzf6kkffxwcevNE1td2yJJdQPEkhwjOCAT/AHQTxmrmseUNfMllOPse4Nauh3JGuc8D2PUVY1u5tbmDf+7TUfN3O1qzGGUYx5rRkkK59qanJ8it8Wr8vL5Bpr5FFtJ1cAsbSQR4zv2/Lg89fpTILC/uYxNbQNLCW2+YBxu/u5qzI4Hh5IvPU3RuDKybjvAI25qbTLiCDSWSRUlnM4kSGR9uAFI3jnHBPehzmltdqVrW6dw0M6O0uppzZwws90mQ8I+9kdeKGtbqOdbSaJo7h8eVGRgtnpj1q3peyy1yGW5uUlRctNPn5fmU/Lu9ecU/xC8Nytrd2Mi/Z1Ty47UHMkJUk5JzkgnkGjnlzqNtGt/MNLFN9O1GESvcW7xrbnbOWGNjHop96gGDz2rW124W8ttPuVmR5miAvkjPJmXjc49cVk1VOTlFOWj128hO3QcignntUgALDsncnpUanHI+92p/mdFPBxzxVMB+AW8snJ6hql8uP5nHIHXtznp9KbCC6hZRtTPAHDcdDUgUg7dpyp+90z2z+dQ2NEke4EsE2u+OnIX/ACKncggqMAt/knNIqFNzueecjtx0wPpTipZQTkd+OuB7Vk3dlEtghF/ZlhvJniOT2G8YxRTrVnbUbLaR/r4t49t64ormxG8fQDN1X59SvlkIKfaZ8DuDvYDp6VAWLABydo+UA4+gp+qM39r3+3gi5m/9GNVYMAcvy2ckV3xXur0RBKg/hXlhnGfTmnKrA75GBj7+uPaoklk3Aq2D3Jp0sm9gm0Eev8hQMftyAqcoD8jnjP51JHCrPgtwPvf/AFjTCSQEc4Cj5QOCc05WZUzghO6+ntSdwG7QSZM7ZAeF9qZIOTgDOMlvr9aU4UNKBs9QeetQsTgDGcnOapANba6jPOPXpS8sjL0HYUFiQPQdBSHk+rVQgI5GTkjpSlQTn+I9TTen0oyADnpQAfdGAeKayhgR69aX6Uox3oAlF3erEIPtEhg6eWWO0fQZxUSgAYHT0o6daPbvRZLZAIFUcAdKCoJz3pf50UAG0ECMDFB6579M0ZPBNFAAfm5pAecgc+9LQeu7vQAgXOSOpOT9adxjDcfSkHtxQeuRQApUBQuAMj880EDaI+x60gOORS59evrQAmwAbR9zsKTaFOBTvujj8aSgBu0Z3d/Wl2rnPf1paKYCbVIx29KAACSB1opaAAAA5FFFFADhjqBlh3p+4dCPmPU1GvU4OAetOUbuvPpjikwLMDI0mG+444+vSrit5jM3GxBhew49ayxLsxsHzDoPSrStmPAI6HzM+vUYrKUbjTLuQyiTuDwvvQCzElvUfh7D61RNzH8q4Ixj5vU1Mt4cKud2B2469fyqeR9B3NCyx/aNp05mj5HXAcdaKrafI51OxAHyefED68uvP5iiuXEKzjfsMz9UOdX1D1FzNj/v41QKuSo6EHJJqxqi/wDE31Bj1+0zYx/10aqqk5JJ5NehH4V6IgklP7z5TwB9KQFcMOQeqj/69NGQcN1x1oyUIcde1AE8ZWRVJBwvJPf8Sac8gK/L8wzn/wCsc1EzLgbeGI/AnuMUgCBCj/Ke/wDOlYYhZHwXypB5Hao2J3ZB4HSjPrRVCFLMTn1HNIAF+nrSMwUFjwo6mtzwz4Xn8RMbu6LW+kxnBbo8vqE9veoqVI04c83aK/PshpNuyMrT7G+1i5FppkLTSE4Z+iIPVmPArr7L4boEzq16S/8AzygHA/4Ea6W4utC8IaaqsFtLbpHEgzJI306k+9cle/Em5Dq2mWAEK/6wTH5mHtt6VwOvi8R/AjyQ/me7K5YrfVmhN8OdNaJ1s7yVLj/lmZMFc+hxXE3+n3mj3rafqabZlGVdeUdT0Kn+der6dfW+q6fBqVsRtmUFlHOx+6/hXPfEhI30mymYDz1m2o/8WCOR9KjC4ut7dUqr5uZta7poqcVa6OC6daM0duaK9UyCiijPamAUUUUABBHWij60UgCiikpgLRRRQAlLRRQAUUUUAFFMaREOCeT6cmrdlpWr6k4Sys5H3dGIKrj1yaUpKKvKSivN2Ar8daK6KP4f+IXTdK8MT/3C2cflVXVPCOtaNbNe3Rje1TAd0YZBPA4ODWSxFBtRVRNvYdna9jHoIJ6cnrQuCP1pyKWzitRCZAwF79TSqcZyefT19c0EHAOMA8UgA5zyD378UASDK5JO3aRs70+JgmWOCRgjjoScHim7QNhxwOSfx4/nU0bgAscbyM89eO9Sxk2ln/iZ2e7ki5gUH1/eKcgUU6xh/wCJvYSA5xPFkdBkSLRXDi/ijbsxoq6rxq+oY6/aZsf9/GqrjJyetXNUP/E11DIyBdTYP/bRqqOxZeTgjtXfH4V6IkVjhQCaaOCGHb1pc8Y6g0g6e1MB/mZYkLlqZ1JJ4PpRhcA5+tBxQAUhIAyePWitTw3oMniW+MTZj063+a5mH8X+wp9TUznGnFzm7Jb/AOSGk72RP4X8NTeILlbq7Ux6PAf3jHjziP4F9vU132ua5p/hjT0dkUOF2WVkvGcdCR2Apms61pnhPTY41QAqu2xsl6sR/Efb1NeXXl3eapevqOouXuH+6v8ACi9lUV50ITxs/aTXLQj8K7/13L0ivPqxLy7vdVvH1DUpDLM5yqZO2MH+FQelRn7tLSNnadvWvUSSSitEZne/DiXdpd5b/wAMc2R9WGTVP4kzqZ9PswcsitIy+meAf0qPwx4o0Lw/pTW80cr3zsXlAHDN2APaud1bUrjWtRl1O6XY0mFiiHOxB0Ga86lQk8bOq48sE9L9XsW5LlSRVooor0SBKWiigApKWigAopKWgAopKWgAoopjyLGpkboO1ADmZVG5jgUKs5TzRDJ5I6y7TjHrnGMV13hbwWLpItZ10EQN80Fj/eHZn749q7qS3hu7dtPaFfsjrsaIDA2+nHtXBWzCnTlyxTnZ2k09PRdy4wb30PGII7m9kEdjA9w+cAICRn6iup074dateIJdSnWzVufKX5nA/DgV0OoeJfD3hOA2GnRI9ynAtIMcH/bauZj8ReMPFmoCx0xhZx9ZHj+7Gp7sx70OviasXKEVRpr7c97dxWSdt3+B19h4b8N+H0DMsbTgZae5ILH3APAqe58UaBaDEt/GB1VE54HoFrltQ+HcgsZrx9Ulu9QiQyMH5RtoyVGTkcVxESRsu4Lj1FY0sLTxF5OvKq07Stp+fQpy5eiR6Jd/EXS4ty2NvLcSY/ds3yqT755rldY8Tav4gjSC8KxWyHPkRdGPYsT1xWVgDp0p69M8DFdlLCUKbvGOq2lLf5EuTe7EwBx0NG44x0oI3DgUnAroJAdcdqeu0t81IR1GOnP4UoGFJ7ngCgCXJZTx8xII9xT2A5JALrxz3zjAFMjkCsgPLICAT0GelLlXkA5bPXPBJx0/SoYyxpzZ1WwGeBcw5HvvUUUad82q6ehQjZcxfnvXmiuLF/FH0Y0Ramf+JvqAHA+0zce/mNVPJzk1Z1T/AJC+of8AX1N/6Maq/Q5/I13x+FeiJEPHI70dacoL5z19aQgLgEeuDTATPHp7UUZ9aa7lF4GXY7UUdST0AoAuaRpFz4g1FNNt8rF965uB/wAs0HX8T2r1KR9M8K6IXChLK0XCj+KV+gz6ljVbwnoq6DpAjnIF1P8A6ReSnjaCMhSf9kVwHifXX8Qao/lsf7LtTsto+isR1kI75rzJc2MruC0o0nr5ste7G/2mUdQ1G71u+fVL3/WPxDH2jTsoqGiivSjGMYqMVaK0SXYgKjaVFO0tU1vBPfXkGnWoBuLhgiE9s9T+Fep6T4U0PTIUtTbJdXGP31xKNxJPXr0FYYjFQoJc123tFb27scU5HlGAef1p1WtWhgt9avrazObWOVhFjkAegqpXRGXNFPur6+YhaY8ipgHr0A7n6CpLe3ur66SwsIzNdSHhR0A/vMewFel6B4O03RFE1wovdSIy8sgBVD3CA8VhXxNOgve1k9or8/IqMXL07nncGla1dAtbWEzqoyTtI4/HFVgQeB1HUV7hDMzMc8KBz6ACvDiVa4uGX7pkYr+JqMJi5V+e8eVRtb5jnFRsOoopYY7i6uFs7KJp7qT7saDP4k9B9a6m0k23ZLdvYgaSPpTDPEO+a7TS/h08iiXXrkxscFbWHnjvub1z6V10Oj6LaIscNhEqoMDKgkj1JNcVXMKEHaN6j622+T6lqm35HkCMrruWlrqPH2j22nXFrqVhEIbe5BjmROF8wcg47Ej+VcvXVSqqrTjUitH0fRrdEtWdgre8F6Gusaob64AawsTl4zzvkP3R+Fc+3myOkFupeeZgkajrk8V65oWix6DpsWmwfNO37y5f+9IRz+Arnx1f2VLlTtOpovJdWVCN35Iv7jPJtQe2B0A9K4rxn4plif8AsPRJdr/8vt0h5Hby1PY+tXfFfixNIV9J0rEupyDbLKOkOeuf9qvO1VYVJLZY/NJIepJ6k1y4HB3arVFpvGL6+bQ5z6L5hHC5kWG3QzXUzBV7szN3r1jw3oS+HdOFmG8y8uDvuZB/eI+6PYVyngHRWu7s+IbkFbe2JW1Qjl3x98ewrqPFWu/2DprTRkHUrnKWyHqM8F8e1PHVZVakcNTd1dc1u/Z+SCCsuZ/Iy/Gfib+zIzommsHvpwRdSdfKQ9vqa8/RAi7f1oXeWaWZjJPId0kjHLMT3p1d2HoRoQUY6v7T7v8AyIk23cXt0o9zzSZNGc8Z4rYQuR2FIm+SQRQxtNIediDcf0rU0Hw/c+JLsrGTBpsJ/wBIuR3x/Anua9PtbHT9NiVNOtUhRPlVwo3H6sea5MRjIUHypc8+qvZL1KjBy8keP4mimKTRNG4HzI4KnHTvRkb8/wDfVel+MdKi1fRZrgIPttp+8ikUfMQPvKT6Y5rzWMq0aOPv8bvc9MVeGxCr0+a3K07NdmDjysFGeW4Unk/TmpSCE3g/Mxxx1AB4xTNqhcMc99v+FOjfAO4fKwxj36CtmIt6YAdVsW3EH7RF+Pzr1opdLH/EzsQ2Q3nwke+JBRXDi9ZR9GNFXVMf2vqHcm6m4/7aNVYep+mKs6nj+2NR3f8AP1Ng/wDbRqrZ556V3x+FeiJFCFT8xxnoP8aNwA24zj1pOSCW7dqCM/P29KYCcAc9etdN4E0T+0b463dpmytDi3Rhw8vqM9lrlzHLcPHbW675pmCIo6kk4Fez2Vpb6ZYQWSYjgtIwZD23AZYk+55rix9d06fJD46mitvYqCu9ehzPxB1t7SxXR4HIu775pXU42xA8j/gXSvPlUIoUdBVvV9RfWdXutRkJKl9kGeQI1OFx7d6rVthaKo0Yx+01zSfdsUnd3CkY4BJ6CjgcnpWp4a0CXxLfYbK6XbkG6l/vf9M1Pqe9bTnGEHObsl+fZAk27I6X4e6Oi20mvXEeZ5Tss2POF6FgPUmrvjHxMuj2zaZZNv1S6XazKf8AUqf4j7kdK1tUvrfQNEmurWMJFax7LSIDA3dFryLfNcSyXty5kupyXmkbuTXmYen9arSxFT4E7Rj6bfItvlXKvmEa7FAyWPVmPUk9SafFDdXlxHZWERmupThEHbP8TegFMc7FLelejeBtGt7DS11lgHv74H95/djzwo9Peu7E11Qp8zV3fliul/8AgExjd2L3hzw7Z+GLF5ppF+2Mu69vHPCgclVJ6AVUs7698WytPZO1j4dt5MLMOJrpkIztz0Qn860NT0NNekSPUJXOmxkN9ijO0SOO8jDkj2rSaOOGNIYwkUSDbFCuAAB6CvFlV5rzb560/LSK/wAzS3ySMLxrqN9p2gv/AGXAzvcHypZUGTFH/ExxzyOK8xjUKo2817HfalbaNp8+pXhAhUbVQ/xsc7U+pxXjirPe3Plwri4vJcRqB90ufQdhmvQy2X7uV48qi7uf83/DEVN/0LGnaff61djT9MTfL/y1lP3I19WNeoeHvD9n4ZsXVHV52+a8vnwBx2BPRRUul6Zp3hjSvIDJFHCnmX92eC7AfMSf5V59qeta346vn07RoZBpcbYjQfKrAf8ALSZ/Q46VnOc8XKUYSVOhD4pPr/XYElHzb2N3XPiNa2bvbaLF9qkHytdv9zcenlqOWqz4c1zWI7G4uvGEMkNvkS296VwCrHHllF5HqM0/w54Is9F8u91ILdamPuIOYoif7oPU+5qPx34rXTIBokO2W+vkInLcrFGwxnH9454rO1CUlh6EFO7XNVe9lu12H7y96T9Ec34s8RxeI7iCOyRksLXcQH48xz0bH04rBklSNdztgdq0dJ8Ma7qyAWVsYYQOJ7jKIR7A8nNdzo3gXStMVbm/H2+9Tncw/dqf9lO/413Sr4fDQVNO/Loop3fzZKjKWv4md4D8OFVHiDUIT9obiwibPyjvJg9/T2qx4v8AF39nF9I0d92pOP39yORCO4H+1/KtrxFqx0jRLnUBxKE8u32jozcLjHTFeUaTp2paoWXTreS5mY7ppj0ye7MeK5cPFYic8TXaUIu0Yt6f8Mipe6lGO/UjHybpJHLSMd0krnJYnqSa2/DXhe58QzLcXKmHRoz+8c8NLj+FPb1Nb+i/DpFb7T4ikEu35ltYzhB7u3GfpXUw6ppVxc/2Zp88ckluoJgh+6ijjkjirxGOVpRw6cml700tIryFGGt5fJFfWNX0/wAMaUswjAWMeXY2a8FiOBx6eprzRBrPi7WHcfvrxxnaThIU7AE9AK6zxf4Y1nxBrFrcWTILNEEbM5xsJPzHb3roNI0nTfC9hKLYMwRTJdXJGXfaMkD29qxo1aVCkpxtPEVO+tvUbTk7bRR5bqFhc6TeNYXwAuEAOV5Ug9DmoKn1fW113VJ9TYbUY7IU77F4GR61XhW4uWKWsEkzKNzKiliB6nAr1Yt8kXUspWTfRXIe+gvWpLWyuNVvYNLs+J52wSeir3Y+wFT2mja5qMghtbGRcnaXlUoq+5LYr0Dwx4Xi8OxNcXDCfVZRtklX7qL/AHUz+tYYnFwpRdpKU/spa692NRbfl1LoOneFdKgsII3lKjEUEYy80vf8z3NRabba1LcnVtbl8kspS30uI5SMHHzOe7VrBWyJNoLD7rY5H0oUgPulrxPaaS6yl8Unq9extb7uxjeLtSXStBm+bZc3v7mBR/tH5j9NteZpCUhDHgDkeuf/ANdaviu01yHW2fWpPPilybKZR+7Cf3AOgNZe8sBk/wCrP8q9nB0lToxcZKXP70mjGTu+1gO7jaOT94d89xSqxIwRjHPHU96UKdplDfM33QfXvSrywaP8fXNdIi7Yq51XTpCc/wCkQ5PT+NcjH40U3SznVbIfwm4iKg8871z+tFcOL3j6MaK2qD/ib6hnk/apsD/to1Vic/Udf8Ks6pgavqOev2mbB/7aNVY8Cu+Pwr0RImOeKU59eBSdgfWlI7YxjmmBu+BYIp/EqPMuTBG0kf8AvAYH867Hxlqa6boFyM/v7z9zCvf5up/AVznw4iie/v7k/wCvjiCqM8bSeT+gro/FuiyeINKENsQL63bzYA3RscMhPbIrycTKDx0PaO0Y2TfRGsU+TTdnlsa+WgT0FBk+cRoDJI33Y0BJP0A5rqtN+HmrXarJqtwtmM8wp87kfUcCurisPCvg2Dz32QSYyJZjvnb12A8/lXXUxtKLtC9Wb2UdvvIUXu9EcpoXgK91IJd62zWtqeVtF/1rj/a/u12wk0PQooNJhlitQzBIrcEFyx7sOvPqa43WviFfXbGHQkNtB0N1IAZGH+yDkLXJZlW6XUCzTXSuJSznJJBzWLw+IxCcq8uSNm4049+lx80Y7fNnq/ibS59W0K5soB/pMeJYlzgMV5x+NeTRC5f90ttK0qnayKjE5HGMYr13TfEOkavax3cd2kEoA82KQhGVu/DHpTrvxJ4e09DLNdxE/wB2Ib3J/wCA1hhq9agpUvZObvdLazKkk9b2OF0jwHq2qCO41FhY2bctGeZmH+70XPvXoENtpuhaelv5i2mnwjCGVuT3PLHJP0rkNV+I8sjGPQ7baP8An4uBk49QnQVyN7eX2qTefqlw9w/8KsflX6KOBW8sPicS067UKa1UVuvkTzRjtq+50Os+PtRvHeDRV+x2a5UzMAZHHTIz90fSrPw+0W6vrx/Ed/NJJDFujtFkYnLfxSc8YHSuY0zTJ9c1KHSbY7N/zTSYyFjHUn+ld14x1aDw/o8Xh7SiEuZkEYVf4IcYZj6FqqtCEFHDUIpTqaSdtVHq2/MF3fT8znPGmvHWtSNhbNnTbJscdHlH3n9wOgp/gG0S58RC4kdVNpGzRxk4Lsw2/KD1wDmucjQRoFHQdTTkeSN1mt3aKZOUkUkMO3BFdXsEqDowfL7vKna+vVv1Jvrd69T2W/0631G2ktNSQPaSEGVGOAQDkbj6ZrLuvE3hfw7AlpBIhVBtWC0AbAA4BIwPbrXmM11qFyMXV3LID1DMT/WoFiRPuiuSnlqWlSo2t+WOiv3LdTsvmepeH/Fdh4lnmtoo2tLyH5o4pCCZE/vDHp3Fa7aZaSy+dPaRyTj/AJauoJ/M14wQQyyxsUlQ5SRflYHtgir02ta5dwi3uL+UxKOm4jtjkjrxU1Mt9+9GfJF7p309GCqaaq56TrXirR9EVRczfaJjkJb25DEY67iDha4mfxvrd5rNrLG4tdNEyD7MMcrkBvMbvkZrnEiRCTjJPUmnEBhhq3pYCjTWq55NWcpK+/ZEubfl6Ht0tskh2NGJYWGdrcqfQ88Vlapr+ieGYNrlPMJwtnbbdxY/3gOg9zXmK6vrS2wslv5RbD7qbjwOuB3qp5fzNK/zyN95m5JrCGW2f7ypeN/hjpf1KdTstTY1rxXrGv7onf7JYE/Lbx8E46b3HJ+lTeBr6w0fWJGvWEMVxGUWU9N3X5j71h01lDja3Su10KfspUlHljJW90i7vfqetah4j0PSofPmvFlD/djgIkY/gD/On6brej6tbC6tblI42JUxTFUfPoVY9DXkCwxryBQ0KOc8j6Vyf2ZT5bKb5v5v0sV7R9j2MeHtD8w3K2EO9+S+Bg9+KtItpasTH5MDY+Yjapx79OK8ZF1qAjEIu5REv3U3HH86hZZJDvkkdnPUliaj+zpv4qza6df1H7TyPWtT8WaJpce64uhO56RW+HY/kcCuYm+JExmJtNPUWwHHmMdxPYnGK41URDkDk0/jPHSt6eX0IL3k6j7y2E5yfl6G9N478TyPuikigQ/dQRgj82ya3tA8cxanOmnavEtrO4Oy6BAiJAyd2cBc1wfamsm9dpwc96upg6Eo8vIovo46NeYlKS6nceK/FFheW8vh/TlFyW/1t233EwQ37s9zXFBApJ6qOrGmqqjCDgf1qRnyOQARzj1xxWlKjGlDkhtvrvfuJtt6jix2FQOvb+RpxUEBgNuCA3sOhqIPk5b04GKWMjayuxAbnPrjsauwi/pgi/tOw8tjs+0QkfjIuB+JopumbDqtiTgf6RDgDpkOvSiuHF/FH0ZSK+q/8hfUD/09TD/yI1Vqs6p/yF9R/wCvqf8A9GNVau+Pwr0RIDNBxn3o6UfSmBpeHNY/4R/V1vnTfbSr5Vyo6hCc7lHGSCBXbN488MLl1adiOQAmCfbk15uelN2r6Vz1sJSrSUpp8y000TKUmlY6vUfiJql0DHpdulmh485/nfHt2FctcPPeztdX8z3M7dHkJJ/AdBRRWlOjSpq1OKj59X8xNt7hRRRWoiNokY7iMfShYkHOM1JRQAlMkk8tM8ljgKo5JJ4AAqTpXR+BtB/tTUDqt0gaysj8ikZ3y9Rx/s9airUjTpyqS2X4vohpXdjovDmn23g3QJtX1QgXc6iSXPBHHyQj3rz26vLnVL2bVL05nnbj/ZUcKo9gK9Y17RYfEmnvZX0r28CMJhKuPlK567uowa8kYRpNLFC/mxRsUjmxjeoPDYPTNcWAnGq6lVturJ6trRLokyp6WXRBUbSqG2D5n9Fp2yWaWK1t+Z7h1jjz0yxwM167o+jWHh6zjs7aJXnABnuGALO3ck9cZ6CujFYqOHS05pS2je2i6tijFyPIlbf7EdVNOrq/iRBBFqNjcxBUmmiPmoowSFPDtjrnJH4VylXRqe1pxqWtzK9uwmrOwUUUVqISilooAKKKKACiiigAooooAQnbgAEseFUckk9ABW3a+C/Et3bG78lLZAC3lzNtcgc5CgH9cU/wRpy6nr4nc/u9OUTEdQzdFBrvvEeq/wBl6Ld3zttkdfKt19XbgYrhxOKlCtGjTScm1zXW1+haimm3seRBgSV7rwfqOtO9vTpUcYIX5j8x5b6nqaeZEH3jXb+ZAvU9PwpKb56fdz+NPyuBg5oAM+tKDgHv6CjGB1xSZxkYz/SgBcHPABIx+GacoXqfmUHn6+tNAyq7Rz3PrUoDbfLYYA+974oAn03C6rp4A/5eocc9jItFSaYuzVbBFGR9piLA/wAOJBRXBjPij6MaK+qf8hfUfT7VNn/v41Vqtap/yF9Q/wCvqb/0Y1VR6Hv3ruj8K9EIKKDycUVQBRRRQAUUU60tbzVLoWWmQtcTtgMV5VB/ec9ABSk0k5SaSWrb2AjZ1X71Ptorq+fy7C3kuG6YjUsPzAxXoWkeA9I08LJqZOo3vUq3ESn0CA84966iKBLWHZbxR2sI52ooRR9QMV59XMoJ2pRc+zei/wAy1TfV2PJk8LeKZcFNNcZ/vsqf+hMKe/hDxYi7jpxI9FeMn8g5Nek3Gu6Pb58/UoV2/e+cf41Yiuo7iFLqznE9vIMpLGcqfxFYPMcQtXTil5plezj3PGZFlgme0uozDdR8PE4ww/A1b03WNU0WR5NMm8vzRiRGAZD7hTkZ967rx3plve6OdSCKt9aEHzuASh4Kk9684Q7lzXoUKscTR5nHR6Si9VdGbTizSv8AxJ4g1WE215dkW7cPGgCBh6NtAzWcAFXAGAO1LQkE95dQ6daDfdXLBVA6AHqx9h1NbKMIRdkoRWrsrL1Fq/M6j4e6X9r1GfWZlV7ezBjiDDP71sHcvoVH8672a4gtYJtQvHCW8A3u57+w988CotJ0iDR9Pg0i1JKRDMsnALOeWZsV5/4118axejSrFwdLs2+dlziWUcHPYhT/AI147UsbiXbSnHS/aK/VmvwR8zH1TVrjXtSl1S5Gzf8ALBF2SIfdH49/eq9FFezGKilFKySsl5GQUUUUwCiiigAooooAKKaSACTwB1q7pmjaxrcoj0+2YRkZNxKCsQHruI5/CplKMU5Sailu27ICnUU06IMA7nPCqOpPYV39l8NLUENqN/JMSBmKBQgB7jcSxI/KugsfDmhaLt+yWSGZfmWaUb5AfUM2cfhXHPMaEdI3m/JWX3lqEuuhW8I6WNH0KBbiPy7u5Pm3HHzc/dU/QVj674W8ReJNY+0XFxFb6VD8tqgYsQv98pgDcfrXU3uoWGnRG61W6S2Rvu7z8zf7q9W/AVzV98SNJt8RaXazX0zHChv3YPuOC36VwUZYmVWVWnDmlK/vSWiv2b7FvlSs2Mj+GloGzPqUrjvsRV/Vt1a1p4K8OWqYa1a6cf8ALSZix/IYH6Vy8/xA8URL5kunR20THCu8b8Z6Asxwfyqo/jbxTIdwuEQf7Ea4/UGuh0cfUWtVJeUrfkTeC6HeHwt4exzpqYP1/wAaoTeAfDspZo0lgJ/uP0+gbNcVH4r8TRu0wvmkY8bCAVGfYjFTr4y8VRAN9qSTd2KKce3ShYTGR1jW1/xMOaHY6CX4aWMgP2O/mjcDI81VdfxICkVwmSkjxE5MTFS69Dg4/I1u3njXxDfWj2JeOEOMPPEu18dwDkgcdeKwgiAbVOAOSe598114aOIin7eSl/Kl/mTJr7KHZG7sccH0Hapjy24cFOSD3I6/nUJx0bj0NSAbdpA3huPf3xmuhklrTC51OwbAVWuoc55z+8Xp+dFGnZOrafzlRcRd+Qd68cUVw4z4o+jKRBqgxrGo4/5+pif+/jVWznoMj1q1qn/IX1D/AK+pv/RjVV9q7o/CvREh2+lFHTij8PwpgFISACW6CitXw14fk8S3pWTKaVbH/Spe7Hr5an39qU5xhBzm7RX3+iGld2Qvh3w1eeJpPO3/AGbSomxNOeGcjqsf+NemaZpthpVv9k0mBbeADMkvG5sfxO/Un60XFzpei6er3DpZ6bbgLCmcE46KoPLE15xr/i7UPEBa2ti1jpPTygcSSj1kI6A+grym6+Ol7vuUU/69S/dgu7N7xJ44NlOdM8O+XNMo/f3p+ZUb+7GOhP44rjIzd6tqMFvqV7NIl1KFmdpG6MeQoJAFQIixrsQYX0oZQwwR9D3HuK9ClhqVKLjBatNc/W/chybd39x7HbaLpekQJa2VnGsCDAJUMTnqSxBJJpunaPZaYJYtKh8mO4fzZY8kqHPUqGJCj2FeaaV4p1/RsJHcG6tlGPs9xlhjsFP3l/OptQ8aeI9SiMKyrZwtwywDaxHpvOT+WK8+WX4lya504yd3Jt/l3NOePbU3/H2t2qWg8PWriS8Zg11t6RqOQCfU1wgGBj0oRNmW+87cs7fMzH1JNC+ZJKltaxtPdSEKkUYyST9O1ejQoxoUlBPRXbk9NerM27u4kkgiXcep4UDqT6V6R4K0BtHsP7QvoQNWvMkZ+9HEcbU6nHqcVX8NeCE0101PXds9+p3W9upzHF7n+836Cuh1bVYtG0641i5wzRjEMRON7n7qj1/DtXn4zFe1aoUdbtJyXV9l5Fxjb3mYXjfxA2lWg0ezb/iYXq/vnHWOI5BPHRj2rzyONY0Ea9B1NPluJ766m1G8bddXLF3Ppnoq+wpK78PQVGmoLV7yfdkSd3f7gooorcQUUU1m2/dXczfKqigApa7nS/h3ai2WXXbh3upQGEMPyqgPIUlhkn14Fc/4u0KDwzeQpbStJaXKFo0cgyKwOCOMZBzxxXPTxdGpU9nCV5a9NHbezKcWld7GPUZlXcFX5mPRVrqtC8CXuoKt5rrNZWTDMduvE7em4EHaCPx9q7K3tPDHhW280CCxRv8AltMQZXPsW+Y/QVnVx1KD5YJ1Z7Whtf1BQb1ei8zys2t/aG3v76wlWxDgnzUZUkHXGSB1Ar0a88feHLazjezLXL7QEsolKbeOjFgFAHTisTxX42ttVtH0jSUMsE3FxdSAqAAc4RTzk46muMCRwpn070eyeJjGVeDg09Ip7p9xX5X7rv5nQan458Sak3kWAFl558uKCEbpCTwP3mM5+mK7jwpoc+i6d5V/O9xqFwfNunkcvt/2QWJ6Vg+A9BRIx4jvkJnfK2CZ4CdC+PUnpWh42186TYf2fauP7UvhhgOSkR4LH0z0FcldxqVFhaEEldc7S1bXd9kXG/xSfocT4s1Nda1ye5TL21v+5gU9MLwWA9zXZ+AtKsINIXV0gV7+ZmVpjyygHAVc9PwrzpFEahBz/eJ/nWhpeuaxoW8aZPshkOXhkAZM+qhslfwrtr4eUqCpUpctklrpe29/UlS967PU9cuLWLRbyXVdotTGy7X7sRhQAe+a8bhBEeDkA8gHt6CreoahqOrTCfVbhrhh91Djy1HX5UXgfzqsZCJFSNS8r8JEq7mY9gFowmHdCElKV29X2QSldkgxtJJw3THUD8e1MaSKIh0O79efbpXU6P4AvtRUXWryGwhbkW6jMxH+1nhf1rorOXwXod7FomnrC+oy8cDzpM/9NJMNt+hxUVMbTjdQTqSW/LsvVgoN76LzPMy7qNzxuiHhWKlVOfc8U/I2gY5H8Wf0r2HVWtxpF62oRobaOJyQwG3OCBjPfPSvGoRuXcTtyeh6Y/OrwuJ9vGT5OXldt7phKPL1uTBFZM5JZe1OUmNwxBwo3ADsfrSRDzH8rkbu/wBOeKeVBDKScKfl7k4zjj3rdkljS1/4menlsAm5iIx1JEi5zRTtOIOp2Cnqt1Dhux+dQBxRXDi/ij6MpFfVP+QxqP8A18zf+jGqrzVnVOdX1A/9PU3H/bRqrV3x+FeiJA5+907UUUhOMn05pgSW9rdaldw6bZLme4bYpPRR1LH2HrXrunadZaJpqWMJWK1tl3XE543NjLux965f4d6RJFHPr8wwZwYLRf8AZB+Z/wAxioPiBrkwkXw3aHZGyiS+fHLBvuoD6cc15mIlLE4iOHg7QjrN+Za92N+pg+KNcHiXUhJGCum2mUtkz9495CPftWZTQAoCr0HAp1elCEacVCKtGK2ICiiiqAKRmVV3M21aWKO4u51tLCFrm6b7saDJ+p7Ae5ruNC+HsUTR3fiBxcS9VsE+4p/22GM49OlY1sRSoq83r0iviY1FvY5fRfDureI2/wBDX7PZD795KCE+iDqx+nFehWGleH/BOnvdyyLEQP319NjzJD12pnpnsBTtd8T6V4agWBgJLoLtgsIcfL/d3gfdFeeRLqnjjXba11OcshYu8Q+5FGOSFUcZPTNcTdbFRcpv2OHj7zS3kkVpF2Wsj0jRr281uL+0nhNtYzH/AEOCT/Wso/5aOQSAG6gVw3jrWDq2tQ6Np265S0+TyIxnfOeuAOuOma7TxHqE+laYmn6FHv1WcC30+EclVxgyEdgo7movDXhSz8NWwlYLc6u4LXN63JDNyVTPQfqa5aFSnRbrtd40YL/0p+RTTfu/e/0MCw+G1zcWvmajefZ7x1ykCLvVD6OcjP4Vx7fLNJDkMY3Kbx0bBxkexr03xlqd1pXh+Se0fy7q4dYhL3CnJYjPfAxXmumadqOryC10eBpn4Ek+MRoT3dugr0MHVqzhOrWkuS9o9Erb6kzSTSQlrb3N/eR6fYxma6mOFUdF9WY9gO5NbOp+C9c0i0a/naKe3jG6fymOUHTOGC5/DNd1oPh6x8OW3lWg83UJQBdXZ6se6rnouegH41zvxC1r/U+HrSTP/LXUCpzjH3Izj8yPpURxlSriI06KXs/tNrVpbvy8g5LRu9/I4pWVl3L0pHfy2SVW2SIQ6H3HIqaxtLzVLlbDSoGnmJAZlHyICcbnPRQPU16HoPgbTtLxJqe3Ub89yP3Mfsqnr9WFdFfE0qC993k9oLd/5CjFvb7zMj+J0b2gL6cX1FRtY7gIS397OCw+mPxrE0uW48U+LLKXXJFYhsrGo2oAmWEaj3IpfGlzpL60U0dEVbZBHdGIBUaTOflxwSAcH3q5pPgrVLu2s9b0+/S1kkHmIXDB0YEgYwCDnGe1YqOHpUvaJeylVi1Fyu2m1t5BeTdt7dj0iUSu5Y8Y6Vga14S0jxJMlzfPKl2g2xyI3ygf7jZHX0qGPw14jnkU6n4imkiU7jHBGsZb2LAf0rX1PVdL0SH7RqkyxbR8kIO6R8eijkmvKSlCpH2FTmnsuRO/4mrs1qrI8s1jR7jw9qB065ZZdw3wyrxuQnjIPQjHNGh6Sdf1iLTTkW4zJcyL1VF5xn36Cm67rU+u38mpzr5cYGy1iOARGPuhsZ57nmvQfBWknTNEjldMXl+fNlLD5gp+6OgOMV7GIryo4dOf8WS5dO76/Iyik5WWxr3l5ZaJpz3cgCWlmgWBOBkgYVF9STXj9zeXWp3k2pXjbp52yB2Veyj6Cun+Ieq/aL2LRIzi3tAJbg/3nPQfgKyNB8Pah4jlHkA2+mof3l4RkcdVjz1NZYOnGjRdeo7OevM+3+bHJ3fKuhl703bSefSpbe3uLy5jsrSMy3MpwiDt7sewFd1ruieGfDfh+SQW3nXbjyoZnYmRpD/EOQBj2Fcbomr3WgXa6jAqysQVmVx95O4B6g10U6/tqcp04ttaR5tE2S1Z6myvw98REDMtvGx+9lyQPrhf5V1XhzwzaeHIzI5W71V/9ZdEfdH92MHJAqzoGr3PiKyOotamzidtsCltxcDq2cDisjxF41g0uX+z9HCXV+MiaZsmOPHbj7xrzZVcZiJOjomtJKOi+bNEoL3vuOnmtmvEKXDssPWTBKgj0J64rAuPEfg/w8XisYY5bteGS0Rck+jS8D9TXBahrWt6riC/vJJzMdqWsQ2gnsNiYz+tPm8Oa5YWK381k8VsP9ZkAuo/vMvUCtqeAjBWrVbX05E7J/fuJzvsvvLWveKNS8QAQyhbXT1ORaocliOhkbjP8qyjtfhTgAdG6ZpBsK7ojkZ4z6fSk6njrmvRhCMI8sVypdv1Ibb3HKWVu2Aen+Bqz97bs+UkH73JAHWqxGF9eflJ6CrCNvGFbG4bvcHuBjPXFEgRPpxxqtgoGMXMPA93Wik09iNXsBjI+0xZbuf3i4JJ9BRXDi/ij6MaK+q/8hbUMH/l6n/9GNVarOqY/tjUPT7VNn/v41Vjz06V3x+FeiJCo5WKocd+Aakpkqlk45PYVXpv0A9e0C0GnaFp9oDvVYw5Pu/zkfhurgPHNtdWniKS8uUP2S6Vfs8w5HAwVJ7EGu58M6nDreiW8kJAuLdRFcQg8qV4GR7gZrQliguoHs72JZ7d/vRuMj/6xrwadaWHxM5Tje7akvXqjZrmirHjGRjg8dqGkVRljXoUvw80J5TJBcTQxH/ljkMB9Ceataf4E0CycvLG965+6Jj8o/4CuP1r0HmWHSunJvslb8SPZyPNbaK6vZBDYwSXEh7IpOPriun0z4e6rfDzdVmFihPEKgPKR+BwK7q6vtJ8PWgNy8VlbdEjQAE/RVGTXF6t8RLudnt9Cg8qLoLub7591Tt+NZrE4rEaUKfs4/zy1/HYOWMfid32Opih8OeC7I4ZLRWH7yRjumlI/Mn6CuS1rx/eXgNtoCNaQHIkuZAPNb/cHO3+dcrKZrmc3V7K1xcPyZJCWP4Z6UVrSwMIvnqt1am7ctr+gnJtWWiE2ne00jGWdzl5XOST7k12/wANrWJor/UAN11uESnPITr09zXFVb0zV9S0SSWXS3CG4XZIGG4D0YDsRW+JpOrRlTg0m7b6Ky6Ci7O7PVdQ1DTtDgbUdTkWMqNqAcyNn+FR15Nct4e1/VPFfiRpSTaaPZxsyWq9XLcKZT3Pf2riJ3nvLg3l9M1zct1dzkj0A9hW/wCE/Edj4eeaO8t2cXJG65Tkqo7bfTvXH9R9lQm0vaVWuVNbJdbJl892uiO51rRbXxFDDZXcjpbxSeayR4y+MjbnqOvanPJoHhOyEW6LTrXr5efnc9Nx6sTx1rmNT+IiGJ4dCtiJjwLmcDA/2lUZyfTNcVcia+la51CVrm5k+9K5yfYD0A9Kyo4KtOKjVk6dNO6h1b9AlNJ3Wr7ntUEqYSdTmKVQ0bjuCMgj6iuBtfhzqVxqNzPq14qW0kzSb4jullDMTz2XP+RV3wl4ssItLXTNbmEE1n8kErZxJH/CAeeV6Gl1v4gRRobTw4nnSsMNeSAhUPT5FPUj8qmlSxdGpOnSjbm93na0stmmNuLSb+419Q1Lw74E0/y7eAJI+NlpDgzSY4DOSc4HqTWlpV9Hqlhb6rZ58m4XcYz95D0KNjuDxXjj+ZNO91dSNPdSHLzOckn/AD2q5Y6vq+loYtNungiZi5iHTceCcHPpW88ucoXU+aq3eUpbPyEqmu2he8aaLDpGtutthbe+XzxGDnY54fPtnn8a19M+IEen6Zb2FzYtNNbr5fmIwVSo+6e5zjrXJSzXF1M93eStNcy48yRuTwMAfQCmV1/V4zpQp1vfcLa7arQjms21pc6C+8d+Ir0strssoWGAIxl/rubp+ArnmVpZTcXDtNO3WSQlm+mTTqKunSp0/gio+aWv3g23uy3o1gNV1mzsG/1TuGk/3V5I/SvWr+WeG0nbT0D3ccZFrGehYDCivK/DmpQ6Nrtvf3WRbAMkhAztDjbuwPTNelz65oFvD9uk1CLyDypVtx/BRk/pXm5iqjq07RcopXVldNt6ounazOP0PwHqWo3R1TxW+PNYvJaA5eQ/7ZXgD2Fd5DFDAi2doixW0fCRRjAH5d68+1/x7f6kk1loaG0tWBU3bf61h6oP4c/nXTeDL+zvtDihsyVubT5bqN23OW7yEnk5rPFU8TKkqlXSOiVOO0V5roOLinZb92cd44uftniN4w++O0URqg6BurZ96w0j+03MFqTtWaRUY+xIFdv478PB4x4isUxNHxeoP4l6B/qK4cBJFzkgnkEdQfUV6OEnGeHiodFyvyZEk+Z3Pafs8drbJp0I2QpF5SleMDGNw9+9cdb/AA1tozJ5+ovIrsWUhfmyf7zE1S0/4g6ha2sdpe2q3TRDb5+7axUcDOR1qZviLeuQLfT41z/fY/4VwQw+NpSl7PRTesk1r56l80GlfodJonhbStCzPCvnXQBLXk/VR32jotY3izxlEIX0nR2Fw8oK3N11RVPBVCOrVzWp+Idb1oss9x5Nq4w1tGNqY9+5/Os6JY0Uqi/IOx4P1H51vSwcudVMRLnktUuhLkrWirDUVVQBeW9+5pPLOWUn5+w60+MY+bOOfvHoOOlN2HOcYlyNoHU+4Nd9yCUKsaqCQ3Xj19/xp8WEUgqQucle+DkjBo3Ficr90ZCn37AVEQUXJchTnBPTryMVO4yxpy7dYsSDlftUIA7geYtFN0tWXVtPz0NzDgj/AK6LRXHjPih6MEN1TP8Aa+odOLmb9ZGqrVvVtx1XUN3T7VNz7eY1Uz7dK7ofCvRCFpKeImI3HpS+S2N3bFZ/WKLlyc65trI6XgsSqftfZSUEubm6W7jrK8vdMuftulzNBcEYcjlWA7Mp4Ndda/EgiILqVjuuB1eE4Vvcg9K4yjFFXD0qvxxv57M51JrY7S4+JCbMWWnHzexkYbR+WSaxLzxn4lvkMZnS2Q/88F2nHoWOaxcVIImxWLo4OhZyUVfZy1f4m1GjiMRdUoufLrK3S5E/mTyedcyPPL/fkYsfwyTS051MfzHoaFTf07V0KrTcOeMl7NdVsJ4asqvsXB+1e0eolFP8o/3hTGyrbD1HNKFelUbUJ8zWrSHVwuIoJSq03BPRN7X7BRRSqhbp0q5SjCLlJqMVu2ZU6c6klCnFynLaPViUhFSeSf7wpnRtp6ippVqdS/JJStvY1r4WvQSdWm4KWzfWwlLThE2M9Pal8o/3hUPF0E2nNXWjNFl+MklJUZNSSafdMiZVb7wzSgKvC1J5R/vCkMbDnGfcURxNGTtGom+235ingMXTTlKjKy3a1t62G0UlKAWOB1rZtJNvRLVtnNGLk1CKbk3ZJbt9kFFO8p/UUeS/qKx+tUP+fiOn+z8Z/wA+Z/cNop3kt2ppDKcMMVUK1KfwTjJ9r6/cZ1MNiKSvUpziu7Wn3iexpnkxD5gPwp9LWpiA/SpLO7u9MvU1HT5DFcp1A+6y91Yd6akTNznAqVIHDYLDnvXPPE0E3Cc1faSevyZ1QwGLnFTjRlyyV4vuu6NbUfGet6xaPYSrHBFLgSmIEFh3GST1rDVY412/gBU6WsjNtJC/7VKLYqfmYHHft+dZxxGEgmoTjFPV2uV/Z+Nf/LmT+aIyjHBZcL0JHWmgAuT121Kw2AEtzzj396ciFoyzYVjzgdTW0q1OMFOUkoPZ9Hcxhhq05unCm3ON7x7W7kcbIGbf+Hb3owN+D8wboMd/Spo4NqHIAycgd8URwMfnUjv/AJFZfW8P/OvxNv7Pxn/Pp/gRbCCACDnGAemPekyUfj5cdcYPXjinCOQtlcY6MfUUwybsoq/Me3oenWtoThNXhJSXWzuc9SlVpPlqQlB9OZb+hI7BgDIflzjeD0z2pHZQAm0kfz9OKTcEj2Ng+tMVwPn7g8E9OKqxBa03cNZsS3BFzCCp68uvSilsADq+nHq/2mEtz/00WiuLGfFD0YINX+bVb444FxKPxDtVBhs+XvV3VT/xN7/PIFxNwP8AfbrVE9a7qe0fRCkTp91afGSSVPSmJ9wD2/rT1O3PvXgVk/az6NSdmuh9th/ew1LS96cVZ9e5XZNjbT0PIpKnZQw2nk/wn0qDDbtv8XSvXwuJjVp+87Sh8f8AmfMZhgZYataKbp1H+6a7veI6NdzZPQfzqb60igKNvcUteZiq3tqrf2Y6R+X+Z9Dl2EWFw6g/4kveqNd30+RY022ivdUtLK4/1MzhXx1x7VWeNYbu5t4/9XDIyIT6KSBV/QFMniCwXp+8HNUbj/kJXvp5z/8AoRraDf1Savpa6X/bx59X/kdU/RL/AMlEq2tpav4eudQdT9siuFjjcHjaw5BFVK0E/wCRUu/+vpP5VGCbVR2dr2T9L7Guef7vD/GYw6ZPWpoehqEdBU0PQ16OM/3ap8vzPJyr/fqXq/yH1PJZQ/2ANVGftAuTCR2KYDCoK0JM/wDCIf8Ab6cf98ivPwLaqaaXaT9D1M9/gU/8TM9fur9KWmp9xfpTkRp7m3tQcCeRI2I64YgEiudxUq0op2vJq/z3PSVX2WFjVkm1CmpNLfRbDcg9DTq6TWrHwNZTyaYs08F9EOZky6K/o3r71zEZZgS3J6ZHQ4q6lBwgqiu4Oy1Vnrt8jmwWZ08TN0+VwmlzJXumluJKvG4D602H7/4VJI2IznnANSXVm2n3MUZO5ZoI542PdZFDEfgciuqjVc8JVhJ3cU0r7tb/AIHFi6EKWaYacFyqq1Jpbc17Nr1G0lLWn4f0GTxHPPGZvstpaqGkmxkkt25wOACa4KcOa+qSSu2+x6+KxUMND2lS7V1FKO7bMyjrweRW1deGbSNWOk61b3cqdIHYKzY7A5xmsRSCSCCHBw6dwRVyoyiudapfaV1Z9LmGGzDDYluEbqVvgqW1XW3Qjkj2/MnK9/amVY68AfWoGUgkHge9elgcS6icJu846p9XHz9Dxc3wMcPNVaStTqXTj0jLy8mWI4yY1Ydc4xTwjH5wCMdB3zSRttQJncexHalO7YwXcHxjI9a8uqr1prvNr8T3aE3DCU5PXlpp/JIeZIxn5vmHDKe30py+S0YjLYLHJb+mK6KS88GadY20DWv2y5kiBndDypx8wZicZz2qtFqvgXyyx06YMexOfyOa1+pyd7KbV91Fa+h5X9tP/n0l1+L8zPgs4LjT9RvHyRaiPyZh0DE4Knt0qkrEwJsGM8nPt6Vuax4k0ibRTo2i2hgilO5yeMAc59yawkXbEnoBz7H1rTEKSw0OZONp2ipb2S3Jyup7TGVpuy5o8ztstdhWLhBzkZ259Pxp7YdRDEPl7kevekIaTYifKZWVDnnAJxmuj1XT/BOmznTZLieG9CAvLGSyqcZw3+Fc9Khzq6dm3okr2t1Z24vMY4aooODm0uZu9t/zObVvLU5HzDjb39jTJBgEjAcMCxPpSoZOQGDYJA4wSB0OPcU53URlwM8YIxThKdCvbZqSUkuqNqsaWMwrdrxnHni3umvyK5VHPyLt9Se/vTjhVy4yxOAvoQeT+lT3VobH7N3juIUmH/AuCPzqE53fLy/Ujtz717ikmrrY+S627aEuljbq9g2ck3MI/DzFoqTT8/2tp6IOBcw5Pph1yM0Vx4z4o+jGiHVATquosen2mYA/SRqpHkk1e1Jv+JvqSnkG5mH5SNVJvvccV3Q2j6ImRMn3F+lOpqfdWkY4Kr/fIGR1GTivBmuavKN7Xlv0R9pSl7PBwna/JSUmu9lsh/T69qTod2OT3q3q1gNG1OTSjKJ9qq6Sd8MM7T7iqnNKpCVJ2b3WjW0ohhq9LF0o1IpP+61dxl28haKWOK4ufO+zJvW3XzLh+yqPU+ppgORkd6UqcoxjKSspbF08RTqTqU4S5pUrc1tlfz6l7RSy63ZlOW38D8DVJv8Aj7us8nzGyfxNXdEJXW7Ir94SDA/Cqcv/AB/3eRg+a+R6fMa64f7pP0X/AKUeRU/5HUPRf+kiVooF/wCETu+fm+1Jx+FZ1XEIbw7dxH78dwjj3BGKjB/xPuf4mud/7vD/ABmWPuipIuh+tRD7tTQ969HG/wC7z+X5nk5T/v1L/t78iTrxV2V2/wCEUWPqn21jn0+QcVQ7VpSrjwYrnq18ePoorzsF/E+aPUzz+DS/xMzl+6v0FT2BUanY7uB56c/8CFQKcKp6cU7CsOM54wR1BB6isOZRrcz2Unex6FSnKrg3Tj8U6ajG+ivYXW41XXdRRfm/0hznqT81Rqu1dp696cIwGJJy45Zickn1J9yaQHqT90dWrfEYr20Y04X5Y2vfdvZWOPLcueFcq1aUXNqy5dox3b9SO4LbFVR8zkRxj1LcCt3xZbra6vZ2efmt7KJJB6Mq9Ku+EvDwkk/4SjWsRabaL5tojnhiOfOb2GOBXPX+oNret3WqYIjmb9yrdo0AVPzAzV04ONKousYtzfS7suX5I4quKhiMyouGsIzUYvvrdteQwgn3+ladk88XhXW2hYoHkhjZgcEqcgj8QazXAXGOnYjvV6JivhXUlB+9cw7x7YJ/mKywavUtvtv/AIjszt/7PD/H+hhRwxKi7BtxViE5k5OPf6DiolxtFSR8uAPrmvYrpOlPm25Xc8DCuSxNHk+LnVrepMSQ2RzUi2xnguZU5MCByD6Zwaj5zkda09FSSS31hlXci2jFvY54rx8HJxqqS6KzPos6SeEflJW9SjbKWh4AOB1PX8KeH2qqHqO46/U1Vt2JiQ5wB0IqYlHbLfIMff8Aesayftp/43+Z04e31am3sqa/IeYUVgyqCW5b2p4jWZjhQpXqDjpUsWma3LH9ottPmkikHyyY4I7EUv8AZHiDB/4ls2cddvWn7PEd3/4F/wAE5/rWAf2qfry9fuKclvK4kuIE32kRCyyjopboDUqIGhBQlgeMdvxrZOmXui+EL241FfKkvJUC256he273rGgOIUjTODgk/XpXRipuWHpq9+WXLfe9lrdnFlrTxmIcPhautLaX/ASMbJ7c7huWVAQe43CpfEccX9vXuCCC+eecnHY02RVdSH4bOBTREEKufnIPLHnJ/Gpw2KhSi203JXsl1v5muOwFXE14zUlGHKoyb307IbCmwBn+9jJ9qS5OLYjgGThAvdjwBUzYOedoHLk9R7fpWx4W0H+0JxruqDytKtCXiVzxI65/eEf3VrGPNUqOrPZPml5vpH5m2JrU8JhlCPxOPJCP6lfxVbtZTaTZL/rks4xIp6Bucj86ySB0A2suG2+uO361a1vUjq2rz6j/AMsC2y3zxhVG1T+OCaryKHKkHJ4znjBGOBXsU01Tjzb2v6N62PmO/UfpoI1SykH3WuYQV9P3ijNFSWAk/tWyJXB+0Qgj0w6n9c0Vz4rWUfRjRS1TjWL8j/n6mz/38aqzHc5Jq5qELy6vqLL9xbqbce/+sf8AwqpKAJWUc4xzXfDaPoiXsyRPuLScmWIDqXUAfiKcg+Reeg+b+lAwJ4S3AEinP4ivD/5iX/iZ9hL/AJF3/cH9C74qBHiO8B+8Nmfb5FqtY2WoazKLLTI99wPvuSAFUnG45qx4obzPEd8xOQWGD7bRiqFtdXVjOLmwlaC4HAkU8kHsfavWlRjUpRuk5R1jfo/8j5WhiatBy9lLlU1yyS1uv66nX6/JpvhXQR4Xs8S6leqDcyDr6s7nrz0ArklXYoXuBUUss1zcNd3TmW6kP7yVuSascKRn0rgxtP2cKUW7yleUn3fkezkWsq78olzQ+desMcnzBVK4P/Ezvh/02f8A9CNXdCkMGvWUwG7a+cevBrOuHzfXMwH3pWYj6kmrw1P2lCcF9qOnre5jj6vsM0jVeig439Laj6C8qxvHH/q5ceYp9uQRRkN8y/lS1xUpzoTul70dHGR7lejSxlBxbvCVpKUdbPuiuEbptqZF2Lz1PWnfWkravjJ1o8llGN7u27scuDyulhantVJzmk1Fy0SvuB+7WlcxkeDbWRj8sl5IU/ABf5is2OK5v7lNN06MzXcxC8dEU9WY9gK3/GcVvpdnpXhu2be1qhkmx3Z+pP1IJFaYODU433m+ZL+6lq/Q4M7rwm4UoPmcPenbu+hgryijHbOfwpd2BnoF60g6Y7UsYU3FuH/1Pmp5o9V3AGuVJTrON7c0rX+Z7MpOjhfaJX9nT5rd7IajpLuZTkDr607OQRjg8bfX1zWp4uvrC51d4dNtFtzany3mTjzCODlRxgdKyoyHAOcHofatK2GnTiqiT5Hrr8UX0/4ByYHMqeKvSqJQq22vpJeX6oklvNTfT/7Ka4f+zQQ32c9gOQoPXHtVa32sfl+6AcLTpnZUJJ4APP1rQ1izt9OvLaO0BVbi1indeo3uoLY+propVnPDVYy1bTadvJN38zixGGpUMxwvsly87UnHone2l+hWUscs2MLxj37UC5mis7iwVQ8N0yuX7ho+g/EGmDIz6dPxowWGB25rio1XSnzxs/J/eevi8JDEw9nUuldSUo91oV1ik6YqRF2Z9T19qkwT91vrSZRAd5C46k1vWxlWsnC3LF9I6tnPhssw+Gn7VNzmtnPRL/gg58tSScKBkmt2xjfS/BGoapL8smpusUCng+XnGR9eaqeHdAufFF0pkBj0eBszzngyEfwJn9TU/jPW4NTvY9JsAP7N08bAV+6zgY49lAxWmFovnjBrVtSn/djHZerPKzbGxrNUqbvCF7yX2peXoYsGfJUHGMcewolTzEKscDoKRBtjHPB6VMI94GGG3HzZ7Vy1Zctab7Tb/E9zDxUsJTi9FKmk/mjWvfGGtSx21vpbm0gto1jkAAy7AYJzUUfivxQW2fbGJ7ZAwPxrPdfLXcGGR6dPxojzu+UcHqT0rb65BL+DBtfNtnm/2HT/AOf0rf4ehJqeq6vqgWHVLgyKhykYwFB6ZIFCFNiqR8wHUdDTFtnuX8lCNyqzZPcLzjP0pqMHjUocMBV4mcZ4ak4pRvJtpbJ2Jy/Dujjq9K7koRVn3V+qHhyxMj9AM7R7UJJFKd4PyDlk71G4YlCfuFgZQOhXI3CtnxddWM9+LbTrRYZLVVDTrxvyM4KjjArGjhvbR0bUnfVbK3c3xuPeFrwpuF4NKUn117Iyt/345ASrDg9T7CrX2m/Onf2XDMRYMd0kB/hAOeD6E9qrwyGcAsMHjdngjHfHpVlnit0mO7zGxhR7YrOMqlGqo2s+ZJxaun5mleGHxVDntzrl5oyi9V/l5oz4yqhkT5hnCEjJAHGRVhFUKm47j3PqTxVrVbaCyTTzagKbq3SaUd9x+9j6kVVaXCEouVByq+npXtKXMk1s3/w58vazsWLT5dXsTzhriLP1LjFFJYZXUrIMM5uYcnvkuv6UVzYnePowEuIG/tDUnJI33c5Uj/fasmbJmYDB6cCt3Vxci6udlu43TSgNhiCCxw2fesWWC9WVgLaUgH/nm3+FddOcWr3WyW4mizo9idWvV043KWuQSk0nQkc7e3NdDbeBM3sX27Vrd7WNt0kcbAOwXnHJ4965U2t3IAv2aYHrnY36cU0W1xn/AFE7AcH5W4PvWNTDwlJyjOML9LJu/dM3WKxHs+R1JOFuXlvpbsXfELxS+IL54GDW4fEbryDgAdaz9rg5FSLHO4CJbyOo7KhPHvxUjQXMQLfZ5Qnujf4V0RajFR5l7qte5hZ9iDYx5Fa2iaKddSXdfRWLwkALLxvB7jJFZuJVAfyZPptOP5UkkNxIARazHPQhGx/KoqwhUSTcbrZuzt3NKVarSu6c5QvpLl6nbaP4UsdJvhqmpatBcLbAtFFGyqNwHVuTn6Vw0rmW6uJVGFeRio9iTikW0vHwhtJz6DY3+FSG31BG8trOYHsPLbP8qmjTVJt+0Ur2SSskkTUqTqScp3lJ9ZasSEwrMPtQYwn7xjPzD3GetbsHhyyvkEmm63D83IiuB5bj2POM1hiz1EnH2Kb/AL4b/Cmm0uAcNaT7h1IRh/SirSp1H8Ub/J3LpV69LSnOUV2Tsjp18Casw3JfWrD1DZH6VPF4BZQH1XV4oY/4ljIBx7MxrlDY6msYfyLlU7fK9H2LUbnAFvcSn3V8Z/EVgsMltUgvNRWhrLHYuSs6k2nvrY7OTXvDXhG2ey8NxC6v3HzSnkZ9XkPJx6CuJmlub24mvrx/Mup23SN29go7AdKNkkY2NbuJBw3yn/ChRcMCI7eRiOuEJ/kK6aVKnTu1Lmk/ilJ628uxyttmjoemJrUstvc3yWBiAKGTGH9RkkDIrctvBdkt9CbnXIHt0YM8SFQzbTnGd2BzXIm3upRt+zTH6I3B/Km/Y7g4zaz9MZCN1/Ks54eMpOUJxh1sktH3ub/WsQ4uDqTcbctm9Guxe1wwHXb/AOzMHt/NYo6nIOfQ9+ao8g71GfUCnmG7A+W0mwP9hv8ACnLFdA/LbShu/wC7bP5YrdcnKo3UlZRd3v6mCbupJ8rTumtGn5G/pXhrTtaSKQ6xGlsDuubZgElHqoLHH4iqvi+eGTXm/s1hLbWsMcMe3kDYuCA3fFZJtboklrSbOOoRv8KUQ3ES820yqOrFG7/hWMKMIzb5k42a5dEtd/U1lWqzalOcpSVrSb1Vux0Vn4Ys9Rto7sa5DG0gDPE4AZWPVSCR0qQeCN5JXXLQnvyP8a5SSKQvg28iluo2tnr9KaIZ87UglJ9Arf4Vm8JG+k4pdFZaFrG4lf8AL2f3s7BPAyg7pNctlUf3SP6tUw0TwNo487Vb77fKvIj3ZB/4AnB/E1xLQzoNrwTDPYq1IkEpbatvIW/3CT/KnHCq/wDGSX9xJP7yZ4mvU0nOcvJv9Dq9c8bSXtr/AGZoMP2KxxsaTAVyvTCBeFBrmIocARRDOPz56k08Q3Z5+yygAdNjf4U9Yr1RuitZQv8AGdjcH8q3pwpU1ywa3u23dt92zF6/5FiwsJLu6jsp5ltY5DhbiTBUN2B6da6B/BFwFwus2v6DP61hpBdTptNtKxPcI3UfhTha3a5R7eUNjgbW/wAK5qtKM5cycIt73Sd/M6IYrERioqrNJaJJ6JdjZHgO7I3Pq9sFxweox69akTwNORg6tAYRyrrj/GsRbS6chUgmz0xhiMflTJ31FJhpxtpli6hgjcn64rP6unopw/8AAV95f1zE9as/vOp0/wAJ2GnySXV7qcU6LG4SNWA+ZgRknOawdI0EalPJDLepaqg3Rs2Pm54A5HQVUltLyJRJLayhehcq2P5VXYSsCDFJ7Ha1XGguVx54yvazaVo/Iz+sVlNzU5KctJNPVrsdUngqL7RGt1rELWwILKMBj7A5xWX4hgj/ALYuTbPviGAhHPbHBHXpWQsV2AWSGc/VWxUm7UeEWGXPQDY3X8qqlR9m7+0TW3KrL5k1Ks6lnNyk9ryd7IGjm37wSNoGR3xW1pmh2GsIoGqxwJn9/C4CyD1CsTisWR9TSQJJaSlzxt2MM+/AqN4r9zgafOF9kYf0rSrTjUteUVJbS0FTq1IJxhKSUt0nZM2vFUlkdVit7J1a2s4EgDA7vujpkday45o2+XOE246c+n9KrAXMR2tZTbh94FG6flUwtb1gJRaTKnqYyBxz6VUYxhBRc07aXvuyHdsuWMqvf6ee4uYVX3+dck0UzTLe5Op2csdvKIluYS5ZGAUb1yenSiuXFWvG2unQD1GN/wB0oKg/KOo9qf5vsPyqJP8AVp/uj+VLXkPd6vd9ToWxJ5p9B+VJ5gH8K8+3emUUr+v4gP3hfuqoz1wBVTWdTGk6Peav5QmNrGXWHHUj1NWKy/FrbPCWqknAMDDNVH4knfVq+4nszidK+Ll/faja2c+lW6xXMixkoW3DccZGcivQZtf0e3kv455fJ/std92XUD5cZGzHXPSvANACDXNLB4QTx8++4V2nxJ80XGqtFwhlhE4HQjgrnHvXb7GMm9WrLm0e+pkm0ifUfjRcecyaPpsYgBwr3BJY++1CoGfrUug/FvVNR1S206/sINlzIIt8W5WUscZ+YsDivPPD9np2o6rbWepTNbWb53SLgMxAyFVmBALHivQ9L+G1za3tvrsEHkpC4lgspZvmIXlS7bD1odOHK3oul27aiTdz0aLVbW4vLnTrdibqyx9oVlx16EGpvNJ6hSfXFYWhWOrQ6pqOsaxHHbyXu1Y4Im3YC9yTWzXLVSjPlg21pre+vU2WquSec3cUCVvQCo6Ky+b+8Y/zFJ5RT36DP48U4OR92NRn0A5rB8Va9J4dsIpbSNZby5bbH5n3VAGSSB35rlD4/wDERXaFhDf3gn+JrqpYSvWgpQ+F6K7tsQ5RWjWp6Rvbn5Bz1wO9Lvf+4PyFebjx/wCIlUbkgf1JTn9CKafHviNySvlKO2EH9a0/s7E91/4EL2sex6Vvf+6PypPMxnCjceDxzXm8nj/xD5RCJCHA++E/xJH6V2fh7Vm1nSLe+uwkV5LuUxA4DlDyyAnNZVsJWpRUprRu1076lKSeiX4Gr5p9F/KgydioIPXimc1j+JvEUfhq1jeOIXF9c58iFuAFHVmxzgZrGnCdSahDWT0Wo3ZK7NssOpjXP0/+tQGxyI1z0+6M156vxB13buNvb56nKt09vmpr/EDXmG4RQRj0Ck/zJrq/s/E+X/gRPtI9j0PzBnlFJ9cCl3r1CLntwP8ACuX8N+Mf7ZuRpmpwLb3rKTBImdkhHJGD0OPeulIKnB6iuarTqUpck7qXr0KTT1Q/zf8AZH5CjzTjgLj0xUeCeByTWRrfinTNAf7MQbq/xn7PH0X/AH27fSlCE5tRgnKT7dAulubYZz0UA/Sl3N1K/jivOJvHuvzNmGOG2Q/wquTj6tmpYfFuuDLvcBj1ClVwR+VdX9nV7Xdl89SeeJ6B5hB4AHvil8xiOVB98c1y+h+LLjVL9dNvIUHmAkTJkEY55ByKTxX4j1TQLuO3so4/IdN6SuN249x17VksLW9r7L7dr76WHzK1+h1O98YZcg9sUm8dCi/kK4BfHWuNHvAhBI5ATofXk10PhfxE3iCKaO5RY7635IXgMh/ixnrTqYOtTi5S2W9nsClF7G/5nYKPypPMPoB+FMpJZIra3lurg4ggUySfgM4BrnV20le70W5RN5jHnaCfXHNHmSen6V5yfiFr0ztNBBBFAWxEhUkhe2Tnqail+IHiYskcEULTOwWOPZyxY4A6+prt/s7EWWy66sj2kex6V5vqoP4Uea3TAx6VBHPA5WAyo1+iBrmBSCVJAzkdRgmn1xO60b1v37F2tureosjnynGAMqcgDrx1opr/AOrf/dP8qK6sLtL1RlU3QJ/q0/3R/KlpE/1af7o/lS1yvd+rNVsFFFFIArK8XBW8I6qrH5fJOa1ayfGCl/COqgc/uTx1qofEvVCezPDNAIOtaUoAwLiP5v8AgQ4NevPp1tr3iTxDot9nyZ4VAYdUYYKuM9wa8i0BY213SUQkfv49/wBdwNeunVLDQvFus6jq8ogstiL5hDMSxwAoVAxOa9DX95bfk0+8xXT1PJPEnhrU/C961jqUZ8okm2uVHySLnhlPr6jqK7L4f/ESe2lh0DX5DNaSER2t2xy8RPCqxPVe3tXX614p8A6x4fuYry/huYGQmKIhhMHwdpRGXcGz3xXggJDAx5yD8nr7dKhfvIWkrMNnofUciMpw/IHQ0yscatNBqWiaY5z9rslMyHqHCgg/XrWywwSK45wcLX6rmXobJ3EoooqBnJ/EYKbGwLDnzG574wK4gH5enHb1/Gu3+IvzWtgp+7vc5/AVw4faeBz2HWvdwH+7R9X+ZhU+JiNlSI1Uu7/dRRk/kKHjuoh++t5EU9CVI/pXQ6LdT6Z4e1DV7KINqTXCQRyFQxRG7AHpmuns9G8WGBZbzWFLyAMYjEr7SecAnH8qzrY/2dRw5L8ujbdtTanhuakqsqkYJtxinrJtb6I81ffs3GJ8HgYU8n0FdjZQTW1n4Yjvc294bl3jiPDGJ+hYe9bg0jxWG41SEoDkEwLkfQdKr2nhO4/tca1rd8b2eI5jQDHThQcngA9hXJicb7amocvLZ8179jehSp0pupKtGVoySjFNtuSaSOmYZlrzjx3OJvEXk53C2iRcehOWP8xXpEZ3OZH4AGfwrx68uzf6ld3rHJlmcqevGcAfgBVZbC9SU/5I/jLQ5amyXf8AQh+8cnGBwBScHGenTPb8qfHHJPcRWMCeZNcOI0/3icA/TvV3X9Em8O3UVpLKLlLhN6TKNoyDtZcZPQ16/PHmUG/eeqXdLcxKdpcnT9StNQGcwyKT9Aef0r1q2laXzkdtxRg0b+sUg3Kf5ivHJAWU4/WvS/D1yZ00+4Vt0dxbGCTPaSE8f+O152Z0/dp1OzcX6PY3oa80fLmXy3NbUb4aXplzqGMtChMef73QV5AHkld7qZjJczsXlkY9Sea9S8WRNL4bvURSSoDHHoCCa8sRsoo7dqrLIr2c5favb5EVXql8x7MUO+T5Vpym4QCTyZAhHBZTjHqDir/ho6edetV1NQ1vk+X5n3BIR8m4HjGa7K0tfGt5dXDX11HY2yOVhj8tXDKOm0DHGPetcVi/YTUeXmut9kXSo+0U25xgor7W7v2XU5fwkzTaw4VWbEMm5scKNvU+lbsuljV/BBEbGW4s2eWBuckKTlefUVev9H8QXNtJaW13bxCbiV44/KZl75YZrV0OwXRdPh0/f5rJnzH7EnqAK82riuevGtFcrjZepv7OMMM4+0jOcpppR6JLds8ktHWVNx4ZRz61oaXqj6JqkF8mWjB2Tj1RuGqTxVpX9i6/Ika4tLr99Bjpz95fwNZ1wNxIPfqK9lOFWCe8ai29Ti2fmj2RtrBZY/mjkAZCO4PIrmPHGopBaQaOr4e6PmTjv5a9B+JqfwPqS6lpQglfE1gdkoJ/5Z9Ub8q4nXdR/tfWLq+X5od2yE+iJ8oI+teVhcM1iZKW1J39X0NZS91eZWmtBgNGdv8As+wrT8L2iQ3Vz4ivgDZ6TGZU9GmYYjX8M5/KsiWXam3JLNgKo5JJ4Ax7mui1G0NrY6b4Kg5vbtluNQI7O/IU/wC6Bn8K7sZWdOi1f3pe6v8AMrC0fbV4wfwL3pvtFas1PAlnNKL7xNeEm4v3YR57rnLH8/5V1XU5pIreKytoLGAYht0CKB7DGfxpa8Nu5vXqe1qyqWsm7QXaK0S+4R/9W/8Aun+VFD/6t/8AdP8AKiurC7S9UctTdAn+rT/dH8qWokvNNVFWS/t0dQA6NKgKkcFWBbgg077ZpeM/2hbYPQ+an/xVczTu9OrNE1YfRTPtml/8/wDb/wDf1O3X+Kj7bpQ66hben+tT/wCKpWfZhdD6z/EkE934b1C1s0MtzLERHGv3ifbkZq/9p07OPt1vnGceYnT160i32lq4b7fbZHT96n/xVNJpp2btrsJtNHhuieFPFkesae76RcrHFOjF3iZVADAksx4HHvXYeLrC88RDXYdHgaeeGeIvAuC7BOCyjqfoK66+s5byeS6tvFDWtu54iSRCqn0B3CqWl+HNL0t7uaPxCWu7sbWuRLGjg5zu+8dx+td0akFFtv3mkkknpr1M7dDxX/hF/EyttOjX27+79mmz+Wyuy8K/D2aydfEPjLbp2mWhEq28pHmSsOQrKDlRkdDyemK7ySx12IYXxlGqdmkihLfidwqlJ4Psb+ZbjxN4kOox/ejjMixJj2+dhj6U1KG8p6dVFO9uwrMr+H7i58WeKpfEhjaLSrIeXalhjPYD+prtnOWJ9arW82g2lulnZXlrBbRDCRJKmPqTuyTU4aGRQ9vIs0Z6SRsGX6ZXIrlxFR1J3UXGEVywT3t5msVZee4UUUVgUcl8R2ItdPjA4Lsc/gOK4nGOhwe2K7T4jHEGnf7z/wAhXEHJOew7V72A/wB2h8/zMKnxMu6ZrWo6JLI+nsNswHnQyAMjY6Eg9xWk3jzxMehhXv8A6vt6VzzyKmM/eam+YO4P5VvKhSk25wi5PdkqTXV+SOlk+IHiUxjyxArD7zbOv4ZrtNA1Y61pNvfXKiC7l3Dys4DmM4Z0B5968keeMIeufSu0tYZYf+EQilLQzs00uzo3ltyoYe4FcOPoUYUouEVF83TqjbDxdWo4Xt7spX/wq/6HX6rdpp2jX17IduyFguP77AqgH4kV47CMR9Dnqfqa9J+I1z5OhxWy8fap1Bx6ICx/pXnQG1avLIWouf8APK3yRnN3duyNrweif2293KMx2VvLOc9AVUgH8yKs30dze+B7fVLkbpILxykh5PlSEgg/R6g0FZIvD+v30CNJcMiW4RASwRz8zYHPQV2cWlAeBfsEi8/ZTIQezY8z+dY4mty42L6R5Y/fudMYr6lJu3NOqku9oJ6/ieY9R9a6vwndtHpLqhy1ldpKV/2Jfkcj2xXIQHdGPat7wi5Oo3dirbWurdxHnpvX5h/KuzGw58PNfy+8vkc9GSVSDe17P0ejPTpYo7iOS2l/1cylSfZhivHL2xn0bUJ9KuwRIhJjY8B0P3XUn2r1yymN1YW85GHdBv8A94cH9aqa5oVj4jtRb3f7u6jH+i3ij5kPv6j1FeXgsT7CbU/gna77NbM0qwe3WLa+48peMOm1zn0/xBHeun8O+NLrTdmna6WuNPOFjuicyRdhu9VH5iuf1HTdS0O6+x6rFsJJENyOY5B/snpz6VC4HII3AjkGvZnCnXp2laUZaprp6MwTadz2bKmNJYXEkEoBjkXlWB5BGKSvOvBfiGbS71NHvZC+mXR2w7znypD0wT/Ca9HkQxttPTsa8HE0JUJ8j1i9YvuuxvGSkjF8XaQNZ0R2jXde2WZoCOpA+8v4ivNC4ljR+hIwfrXs0b7XB6g8EV5f4q0waTrcsUa4trj97F2ADHkD6Gu7La29F/4ofqiKi+195m2813bM72k7QGRSkpQ4LqeqnHY03AUBQNq+3emjjhfzNRSu+MKCzsdqqOck8ADHvXp2W+mu/fQyub/hi1t2u7nXL5Q1lpKGUKfutP0jX+tb3guznvri68Wal809yzJagjoM8sPbsKydSspLS00vwRZf8fd0wuNSYc/O/ZiP7q16BDbxWNtDYwACKBAigewwT+NeDjK3tKrs7xj7sf8AM9KC9hhO1TE6vuqS/wDkmOJOcnqaSiiuU5xH/wBW/wDun+VFD/6t/wDdP8qK68LtL1RlU3R85+KP+Rm1n/r+uv8A0c9VoreGSBGyTIScj6c19FLovh+T97NpdtJNJ88sjRKWZ25ZmJHJJOTXnnxKsbCy1iyjsraK3ja3OUiUKMljyQoxnpVKsnKyXkHIzzZ0gi/dvliDn5euPfPFInlyukeNxHGB3z/hXsvw60fR7rQJbm+sILi4E7r5kkasxUBcDJB4rR8YaVotv4Vv5rXT7eCUKNsiRIpBJHIIANDrpS5bO9w5H3PBWjRHILfL0yOaB9nHPJP908Ae+e9ej/CqwsLzWr+K7to7iGO33IsqBwG3qMgMD2r046PoGWH9lW3zcN+6Tp+VE6yi7NMPZvufNYaEEEbuvPofwp8jwyfNyMdQP0r6NXQfDaLtXSbUA9f3Sf4VJHouh53JpVsDjBPlL0/Ko+sx/lY+R9z5pbyWAIJDH72aaNnO7PtivpZdH8NMriLTbORScSbYkOD6HA4pYvD/AIbkkDHSbXeOh8lP8Kf1mO3K0Lkfc+aSoA3c89K9x+FW3/hDv3eS3nyb93TOR0rzGe3tj4vaFYk8g323ygPl278bSOmK9+MEFqqwWkSQQKOIolCKPoqgDNKvNciXV6lRg09RtFFFcpZyPxIYC009MfN5jHPtgVw54HrXb/Edc2unv/CHcfoK4jtXv4D/AHaHq/zMKnxM3tDmh0vQL3XFto7m/wDOS3hMy71QNzgKe9dNb6f4vmiSW6GnLvG5Y2hBZc/w8DFcbo2sxaWk1ne2ovtOuGV3hzsZZE5VlIrqT8S9OIH+gT8cAZX/ABrkxWHxMq0pQTlF25bOyOiliIQpKPs4OfM25zjzNrSyRZ/s7xYDkR6USOjGL/7GmaZ4Y1f+3V1/xBdx3E0f+pjizgEgrgAhQFUHoKrt8SrIDMWnTM3ozqv8s1ueHfEFp4mikmto2gngYLPC+MjPKlSOorjqUMRCHPUi+VdW72bNFjHaUYRpwck4ycIJSs99TlfiReGbU7LT1+5bxNKw/wBqQgfoFrlK1fF1yt34ovmQ5WIrCfqgCnH41lV7eFhyYemv7t36vU4W7t+pPYahqGk3H2vS5zBMRtfgFXHoysCDj6Vcu/FXia/iaC5vSIXyJFjRE3A9sqoP61lKTI2yFGkP+yCf5U5kuUGXgkA9Sp/wq3Ck5c0lFy01la+gr26/IRQFG1RgVb0m4Sz1myuWOEWVQ59ATg/zqopDjIORTZfug91Oc/Sqa5k4vqmvvDzPXtL3rHc2r8mCZwp/2G+df51c2t3Fc/Fqc1tp8mr2yhxLZLKqt082L5Du6da5a28f+JVYSTCGaMnLR7CBj/ZIOa8Gng6tXn5be4+V3dtTqqVIqSb+0lL79/xPRbywtNZtH03UIxLDIOM9VPZlI6EV4/NAbK8uLBm3fZnaNW9QDxXUy/EfUnjaO2sY4ZWGBKSW2++3iuUYu7u8jeZLIxd5D1JPJNejgaFakpqppF25VcwqOLem4xyVdH/uMCD7g5r1nTdRa6vJbKU7mWGKZCfRl5/WvKY4Xubm3tYhmWeRY0A9Sa9C0t0/4TG7toTuFrapDIw6blHP61lmaVqffV/I2w0OZVf7kHL5po6P2rnPH9pHcaJHfY/f20gCt/sNwQfyrpD1NY3jJd3hm57bWU/rXn4VuNenbuvuYp6xfoeYKSVBzitjwpbxXWvxzXAzDZI1y47fuxkfqRWOnKKfatrwpj+0L18/OLOYqOxOB1r3sQ3GjUa0fK7GNNc04Re0pJM6LwVbyahe6j4ovRmaSRorcnsOrEfTpXWE5OfWsnwmoXw3aADGdxI9yTk1q1842ehipc9eb2UXyRXaMdEgooopHOI/+rf/AHT/ACoof/Vv/un+VFdeF2l6oyqboIvuR/QV5x8Tx/xPbRs4xa/+zN/hXo8X3I/oK83+KjxprdkHwSbbK846M1Y0/wCL95ounodB8NRjwzJk5zcP/Jav+Nl3+Eb8Z/hB/wDHhVD4Zsj+GZXQ53XDk47EheKveOiR4O1Ejsq/+hCk/wCL8wOM+EnGt6iOp+zD6Y3LXp56mvLfg+2dZ1AE5P2br/wNa9SPU063x/cMUYCs7fcQFm9wOTXF32v6hqEjrFIbezyVSNOCR/tEc812sQJOAMoR83071wepW0VnqE0Fu4lhLblZTkDPJGR6VVBJt6X2tcmTZf8ACMwgvpbTdtjnXIBP8YrsIMiXmuA0pBNq1rGwbaGyzp2xzyRXoMRzPRiFaovNIUdj5+lG3xqw7C//APZ69/n++PpXgEv/ACOrZ7X/AP7PXv8AcffH0pV/sehZDRRRWIHJfErK6dYS4+QSsC/YEgYBrgxKnHNezz21pewtaX0SzWz/AHkYZAPqK5a+0T7LdNFYeHobm0A/dzeaQT7FSa9LC46nSpKnKMrpt3W1mSqMqk2ouKdr+87I4HzE9aTzI67c6RI4/eeF0BH92bAx+dILC4Y7U8LRhR0LSEH8810f2lR/lkUsDVf2qen99HE709a674byIb7U4wDtWJJmZeuY2yF/HNWv7NuF5XwtF7gzZ/Lml8jxTaIqeH9Hh015HDzyh1dmCnhWLn7p9qzr46lVpSpqMvetvtvcqGCqXV5015uaOImvBd3tzeN8rTzSSEdxuYnH4UsET395bWELYkupEhU+m4hcmvSdV0C0WBLyx0e3utQkIa9iDmMFiMsU7H5qzYrXWLMtcab4ahgvtpWKcyBvLJGNwUnGRVf2lSUbRjJNLlXa/QiGEnUV1KCV7e9JJ+bEFxqjatJ4X8HrFZ21goS4uyo3MRgMzsQSSWzWxBpHiiJleTXA7D78bRBkYehzTfCOkXmj2lzLqePt99J5kvOWx/tEcd+1bmT615Upybbu2+rOurVjTl7KjGn7OKUXLlTc2lrK78zzfx3pkGk6vFd26CK3vk3OqDCCUcNgds8GueZ4yvJGDXsd3ZWOpW/2TUoVmt87lVh91h3BGCDXJ3OjfY7hooPDa3EKn91KJiQw7Fgelelh8xhClGNRSco6XXXszijh5VJNR5V1958qINAuxd+BNVtwCz2W8KevyvyAPpg1xtvIroMEZrvIF8VQNFDo+jwadZs+buMkN5gPB3bjnGDVzV/DOlIyz2Wjrchx++WKQxlW9VUnBpUsdShOo3F8s5cysVPCzi4Jyg200kpXt6s863KPvnmgy5ZRGC8h4VFGSc9sCurl0nS4cBtBvnJPPzjj6YFWIW1m1/ceGtAWyd+DdTje4z3DNwK2lmVG3uxcn5qxUcDXbs3CK/mlNWM+ztV8I2p13VlU6zMpXTLE/ej3DmWQdsV0fgrSp7Kxm1W+B+26i285+8FPIz9ai0vwYy3g1fxLcm9vchhFnKg9RuJ649BXUO5dskYHYdgPQCvLrV5VZ88vS3ZHRJ0qVJ0KL53Np1auydtox8htYnjdgvhecnON6Dj69626bLDBdQPaXUYltpRtkRu4qaU1CpGb2jJNnK9mjxeORdi8jpW14SYPqtzGpyzWc2PbAFdHqWgWenXCwaZoAvbZhlZvNYEHuCM8VWktNUtLWdND8P8A2O8ul8qW5L7yEPULk8Zr1K2YUZ05xUZXkrK5dHCVHKnPmgo8yeskrL0Oj8LsX8PWpPBwR+RNadUdBsptN0W1srk/6Qi5kx2J7VeryHuVWadWo46rmdmFFFFIzEf/AFb/AO6f5UUP/q3/AN0/yorrwu0vVGVTdCxK2yM44wK8r+Ly/wDFQWOf+fT/ANnar118QvEdpql9ZwxW72llPLAhKndiNiq5OeTgVzPiDVbrxTdwX2plVkjBhiWMYG0HJ6k85NTCm4z5n5mivp6HefCgA+FZ8ZP+kvn8lrV8eAjwZqOR/Cv/AKEK860PxTq/hm3XT9OWMWrylmSZcsXPDEkEYGBU+q+Ndb1u1n0m+ESWkq4l8pCGPO4bSTScJOpzdL3Am+DgzrWoEf8APr0/4Gleq7JGbAHU4rw7QdYu/CdzLe6RGsjToIXMoJAGQ3QEHORXQy/EjxTho2hgZGBDMgKsARyQcmnOm5SutmGp1XiXVpfO/suxfZGg/wBJkTqWP8OfQVz+3YhVc/41gL4qlH3bUFyTlixyT3JJHej/AIS2QAE2qD1XcePxxW0FGCSXzfclpnq+hLAujwm2CsT/AK1h13d8nrWlbqwk6dq8fs/H+qaQZGsbWMpLyyuxK7vXGBViL4q+J1Jc29q4/uAMMA+4NYTpScm76XKV7bHLzgHxo4PA+38/9919ATq24YHGBXz3LKJtRbV1Oy7aT7Rs6rvzuwPUZrpU+Kfi1sgx2rFe5Qj/ANmp1KcpctuiGet7G9DSbW9K8mX4q+KQ2WgtmXuNhGf/AB6nL8V/E6sWa2tmjPQbSMfrWfsZhqer7WPanAuowM15NL8V/ExGIrW2Q5+8VJ4/OlT4r+JFQiS1tnc/dIDDH1GTmj2MwPWMy+9Lmb3ryQ/FPxU0ZQQW/mN0cKfl/wDHqYvxL8XHBJgBHUbP/r0exl5CPXcy+9G6TpzXlC/FHxU4P+j254A4RuucZ+9QPil4o2EGC13nkNtOPpjdR7GQHq6q+crwad+99a8407xXq3iS1M92/wBle3coI4MqG4HLHJNWnvtRC/LdycdBn09apYeTV20n2BtHckktk9aSq+nTSXGm288xzM6/M3qRx/SrFYtWdu2gwpwkcDAPFNopAO3v60gJHQ4pKKAHiVx0o81+xNMooAUknqc0lFFABRRRQAodh0OKXzH9abRQApPOT1NJRRQAUUUUAI/+rf8A3T/Kih/9W/8Aun+VFdeF2l6oyqbo8X1WCc67qjwQlmN3OWHUNiVz07cVSaCVw4jH70fO6N/CAOTXR6mzpq160J3S/aJQFA/2zkfXBrNvbSRY5pFO1pFHmNnkE9QRVXNVsZ7+WiCZmJZyMnqyn0/GohnKtFxKp5B9Rz3piqY03s4Y7c5P93rwPXmnl49pZwWjz1757mmA5ycyEnYx4ZWGAT7Y/OmuJIwYlyXOOT1x7Z9aa7EAXAO7P8HXAAwKeXGAzJuJGSc+2ARQAM5idMkHcvzg9AeRio3RBkqfwP8AI01RlN4XeWPSlz82Rww5KN09s+tADVJbIG0HGOT1phxEcng9MA8fjTw0ZBYnDnPy4/l6VH0GTgnPT+tMA2kkkdV5GKQHHXnPp/WjkNgDk8daQDknncDyKAFCjd1yen4UbzH8o6H8qaTub5untSq2BtxkGgBRlTvxmmgZPPU0mD17UvHXt2oAB156dDTnJH3hxxg9+KbhcZ9eooBbOT2GBn09KAJY5TGQccdfwpocgE/efJx6U3cMdOnFPCb0yPlbn27UAdV4TTGm3DsRlpjjac9h1raydrMeq9PSsDwnNaQaZcm5nSLEpOHYA4IHNar6jpW3P2yIg9MMOPrVIzbV2egaWGGlWm7higJH1yas1T0e+0y50+2jtr2GSQRqCodc5x0xnNX3idBkjj1rgkmpO6tqzRNWGUUUVIBRRRQAUUUUAFFFFABRRRQAUUUUAFFFFABRRRQAj/6t/wDdP8qKH/1b/wC6f5UV14XaXqjKpujzfUI92o3joPm86XcBweJG5HqcAVnX4IspfMUKzJuQr36E59617xjHql2yLudpZQgJ4B3HJ9qwdRmZbeeIvuLKcoR3GDuX3xR9o2WyMdUCxhWX535jLdjyf60QxF2LnHOCS3TB4P61BI++NVLEuO306DPfrTxMwi8jkF/ueuKsQu5o/uruUZGaaCDGrK2FBycdcew9qfvCqNnDgcn26AN61Ey4DOowQc4HYn+lAD1IY+YThD/B3B96Q7mUs2MZ4GOT7mmlgmzcm9iQcnj8M07crSDnajdR7+1ADGZW+Zhl+hA/TFNOEYnHGPlAGQKlQKMhjh+dufTsaTdKgz1znOfSmBD/AAkjhvb0pe+3cQe9PVBtAIK/3W9vekK/N8hwecE0AM2e+R296bj3qTyiijOfMfoOx9TTduAN/TsO9ADT6Gk4qTgksfur2pCEC7sYboAf50ANoAJoICjcxwo6mqFxdNN8iErEvU9z700riclFalma7ih4HzueoHQVSkup5ztUn5uNi9/yq5oeh3WuXXkw/JCvM05HyqP6k+ld/puh6Vo4/wBGiE1yP+XmQZP4DoKqyRm3J+RwMHh/WLpA62cuCPlYjGfY5qynhTXmRttrtB4IYjr6ivRjK5O4k57ikErjnOT0zRcXKeY3Gh6vpwMstvLEUwC655OexX0rc0P4geJtAaKP7T9vtcc2k5LYHXAb7wNdukzDLMM9ip6H61lat4c0vVV81E+y3hz++i4B/wB5ehpNJ6SVwt2O28NeLdI8WQE2JMN9GN09m/3h6lT/ABCtmuM8FeCLfQr5dfttQ+15iaKSLbtKs+M557YrtTyxNcNVRU7R27GsLtajaKKKgYUUUUAFFFFABRRRQAUUUUAFFFFABRRRQAj/AOrf/dP8qKH/ANW/+6f5UV14XaXqjKpujz67g3aleOhA/fOHJP8Atk/0rD1RYxFcQpiSTkoO4weD+NbNy7HUbyJ8MouJSPYF25NYN/z5m1CMlgknYgH736UL4jbojJjgBVmmXtnAPQc5I96Qq7qQ2PM4IJ646cfzpMFT5iNvjHJz6nt+dNZXgUlj8xUDHfnoRViHN5ka+QMFQ247uGP1puAT8mADx9cHvTSVUN5zbmIAyPUc04Mi7hj5SMBu+W6D2xQA1ZAxJfgKTgdR14FJhRJhV3Hgj2pGjZQA7Bs4YkU8ltp2tgEfMe4FADGV9zSL8ydD7+1G53IQ/Lj8vxpBtGPmwWHJ9+2KRXYggfe9aAJDI7SBQcbRtOenHYUn+tbKgYjIOT/Kos7l29CTk9yTRn5sNnI7e9MCTLtmUMCV7nt9KYfnO7YR7D+eaUM8g+YfKODjj86chYp5hfYE45OBg9qAIyPmGMsB0pGYRhmZgF/vH+QFI97Ci/K24jqB0H41nTO9xIcHOScLTSuQ5peoXM8kyjaNsGcD3PvUuk6ZPrF/HZQ/KGOZH7Io6saqllC4PJ6bf6133gey8jSpr9v9bdPtDd9icD9c1Wxnq3qbkNvbWFuljZIEgjGCR1Y/3mPcmnUexpVQucMQqKCXc9ABySTQUABPSl8t15wfpXHav43lEr22jKqQoSouWGWfHcA8AelYkXifXoX8wXjsc5w+CPyIphzI9K9c96cHYcCsLw/4nh1r/Q70LFqJH7thwkmOcY7Gts5zhuopDLmmalJpV152S0L/ACzR9iD/ABfUV22UdVkjO5HG5D7GvPvl2kEf/XrqvDFybjTGgc5a2fAz12nkf1rnrwVudejKi+hrUUUVylBRRRQAUUUUAFFFFABRRRQAUUUUAFFFFACP/q3/AN0/yoof/Vv/ALp/lRXXhdpeqMqm6PLNSn26tfZXLC4mBIODtEjDrWTeT4t5mk/1bE+Vzzt6nH5Vpamyf2rqKZH/AB8zEk8kESNxjsK5E36K0hLeYmSAvUrkndge9aKI3N9yVLpfKilfhiWYIf7o6E0jTC53SYwyDLITzjsB68VYtxYfJKuWgfJYnBI5+4468dKuNJbNGZ5IYgBkwqgwdp4yfcU9Bc8u5jrMwV3ki43AYJ+cDswHtUsk8fzLGpEnXLnA/KtUS2reX5qruAPznBBHX86qtHA+44UYJyy985OOR0oDnfcyXvBFiNlOckBh/hSmZ1QT7MqTg8/lVueaJo977EkXh24yfTA7VVJgHyvzEORzwT707IXNLuRm8Dtgp0PXPGaV7oIy+WuQ38Q6e9Ij2mW8sbfQ9Rn6VKsMMcQaR/nlOdq+g7496LIOd9yH7cFJ2ISf1pp1BmG4R8jjmrUb20J54bOFXADbcccGl+1WDqqhFHzEhehx7+vNFkHPLuZ8t9NgKuFyOQP65qFppJuHbtyD7VsBbOXayqrux+YAAYHpVSWK2Vi8DK7Rt8wbhR+XWmrCbb6meQq7kI57HNKCyY2/e9RVl3h+WRgGLdQBgDFPLRIDwu3r5fcfjTEUSOP616d4cZW8P2hUbRggj3BIzXnTSWwII+cY+ZTwMnsK9G8KTQXWg2yIMiIsjY6gg5+b86TKjuaAYY5PXvWT4tupLLw+6QkhrlxDI3op+Y4+u3Fb2PL/AIQSeBnt71neItPfUtFuI4gDPBieP32ckAd8gkUrjex5dJEqpGyHcSmZB6Ek/wCFIU3L8oyDxv8Af0FXIhDOCxIRhh3J6YBzgd/rULqWIKg4bqV+719fb1qiCOGZ7a4iuIvlkjcOuOxByB+leuSNuCS4wXUMR9a8x0XTTqmpwWXYPumkHICLy349q9PkO5zxhFHGfQdKTKiR9eB1rf8ACJIkulHTAJ+tYS/d3dB0H+NdD4SU7LyT+HIUHp71lW/hstbo3qKKK4iwooooAKKKKACiiigAooooAKKKKACiiigBH/1b/wC6f5UUP/q3/wB0/wAqK68LtL1RlU3RiyeDfDl2ZLie3czXBMszBiMvIdzEenJqFfh54LjXYtmSOMsXbJx75rLvfiJNp13c2QsEkS0aSMS7iN3lErnA78Vmn4wyoA0mko0b5CbZCOR65BqHGs27PS/cd4nVp4E8IRlmFjnd8pySeMY9alj8IeGY23/Y95A2qGJIA9AOlckvxdmVQ0+j/JkbmVzhQehPB61K3xbidXNppoJjGfnk6njIwBU8lbu/vHeJ0z+DfCz4U2eE5woJxz1p3/CHeFtu02QIxjJJ/wAa5f8A4WtLEFmudLQ2zAZaN/mBOOxHSl/4WpM7I8Glqbd+5cgge/HU0clXu/vC8To4vBHhCHcy6eGL53MxJ6+mTVU/DbwZgr9lkGTn/WN+XWsf/hak8kpS30pdqcOGfkn1B4GMU9PibcSSCE6bGp75fjHru6U+St3f3h7ptp8P/BseAlhkr/EWbP8AOnjwH4P3mVrAM/uxwPpzWCPibc75A+nxBI+Qd5yw7Ecc80J8SNRMoDabEsBBO7ecn0weBRyVu7+8LxN7/hBPB/fTwxPUlj+XWmP8P/BjkEaeFPqrH/GsSP4lX00xgXTI87sAiQnPfJ4qpcfFjUYG2LpMTndsDB2Iz9MA0clbu/vC8TqD4C8HeV5Q04L/ANNAx3fnmmv8P/Brwi3FjsQcllZgx/3jnNcrL8WtXKZtdIiZkH70Eu2MdSNuOKafjDfJhJNGTzBjcNzdDyDjGafJX7/iK8Ox1CfDjwdH0tXKd1MjEfqacfh14KP/AC4n/vtv8a5L/hcWombMekRNbjAPzPuz3wen6VKfjBdKQTpMSqT3kOf0FLkr9394Xh2OqPw+8FbVX+zx8nfc3P155qtq/h/TtBtUn0SD7PbO+LlBkjJGFY5z6Vzj/F/U2VpIdLt029VkZiT34IIpr/Fq7dfK1DTrY2kyEtGC+SOgHU8g+1VGNZNX1XXULx6GmCBtHBYDPHp9aFLq3mKOV529voR3rkT43VH3LbxsrchA53KOuM49OKenxA8x9ot0iBJwxY4xjvgdT0roDmRoan4Rt727+3afJ9nnlYtJCwBQk5J24wVzWZb+BNUa4xcTxxwdyCWJJ+9tBxjg1NcePY4v+PWGNpFPLHdhuvQcGtO38Tafd2qus8aSOMzRkkbTjkLuwcZqXJx6fcXSourJxi43WvvPluXLDSrDR7VoLGP5jxJcN/rHPOcn0zVjZg7pVIJHyj/HtVGLXLJFy9xAFUYX5s/56Uv/AAkOloN0t1Dt6smcnPQY68VHtV2l9xu8FVW8qa/7eRddSAGZTvJ4UfTjiuz022Nnp8MLDEjDfIP9puefwribLXtL8xbiK5inmT5kt85+hx7Vpv4zud2A0LN34IH86xqz5rJJ99SoYGu9YpTW14u6udZg+lGDXHnxpdoRgxMScEYOAe/Oc1FP431JN3kLA393AOfesrGiy7FPaKv5s7XB7ijB9K4SPx3rY+/BC3vg/wBDTl8dawzYMUKj0wef1o5WV/ZmL/lX/gR3O0+lGD6VxA8c6tu+aCEL64P+NSp411eQcW8e31weB+dAv7NxX8sf/AjssH0ox7VxLeN9YUsDDDnqgIJ498Go/wDhPdY258iHPYYP+NHKx/2Ziv5Y/wDgR3W1vQ0YPpXBnx5rY4MEPPfBwP1p6+OdZxtMUDP1GQRkfnRysP7LxX8q/wDAjucH0owa4t/G+owxme4SCOIDkkHhvTHWmH4iwiNJ1khZWHz4ViQe38qajJ7JsxqYSrB2nKEXvZysdtRzXnj/ABVud5FtZxuv8MkmQDjjOFOeai/4W9dqoYaOhI+829gOuDgEZq1SqNbW+ZzSai7XTt/Lqj0eQERv/un+VFcJp/xMutSvobGTT444rqSOAMGbcvnMEzzkHGaK6KEXBO/Vmc3e1jnNakii1DVBKnHn3DL2y3mPyT0xXG5L7SRudycdwM46AZrqPEVwkWoauroSGuJwwIBP+sYBlPbJ/SuZR5GCiEhCOFz/AHehrRbEs3NL1hbDTrjTTEJRLOrXbEZDW4Uq0YBPB/lRFqWgfYYv+JaDdBXEzoSg3knYQ27kYwCMfjWCC3mbMhJhxIW6HPTGOtJI53HnAOAFPH5DsKLIDafUPDc33rWRC5yG64I6gnJ3ZPrjFSnU9EbT5IRbkGKPKxnjdcY27lxu46E5rnEUsxRDtJPI64PqDU6qnEQGOu4Y5OO+R9aLIDXVtCGm2yNEZLtYw1xKnDBgxJU5PORge1Tvr+hyfu5rZ1SRQJ2AwG2qFA2q3OMevNc66PE25R06EjBOP58U2Qq65xu9uuD04osFzoF1nw/I+2WxdoYUKWzkZwDkjcqsM9eOaZc6jpVxNZn7O/8AZ1ujq0SgZLPjHG7Jwe9YyeeVZVAUYwcjPP49KaHZdqGX6f5A70WC5sJqekw6gbi0SSCBoDBuRckOerhd4P47qU6/p21YUWWFIImhXaPmmycq7tuG0569awS2HYR5245B45PfHNIxAXYowR9/398mnYLm1D4i2X813tKQyKkaRJ8o2qQW3BeCTg1OPENkhuFRXmlki8mO7kGJFDEsSBzjbkAc9K53IVUH3e+Mf1pS+1iy5O/rnn8uKLCN6DWNHNtaQXHnRPboyMUQNlnTaXJLA9ecVz7jDMisWXJ2ueMjtkUxi2ctwW6+1AOVK9hzmgBpLepoPuc045OPT1puAOozTATFKB+OaMKMc5z1p2cZJ4J6EenpQAm0H2xTaeMEcDJ701sUWATPvRikpaALOnTxW19DNKSI1YFtvXFdnLf6WiiVrmPyz0wcn8hzXB0VE6ak03p6HdhMwqYWE4QjGSnr73RnZPrmjJ0lZz/sqf64qufE9gp+WFzj6VylFJUYG0s5xj2cY+kf8zrk8U2HVopAfTg1PH4m0qThg8R9WGR+lcWMU7rSdGHYlZvjLq8ov1iegQanpk+Bb3SKT13Hb+jYq7tONxYYP3cfz49a81UIc5HI6jp+VddousWFvpSWt9NsmUkbWyTjtggGsqlHlV43fkduEzR1p8lZQp2V1K9lf5mtK2WDDk4wSM/rUe4Afjk/4VSbXNHBIFxj/gLf4VZFxZPD9pNynkjnfnt6betZqMrbP7j1YV6D0VWDtq7SQ98bGkmcRwgZZ24ArMn8T6ej7IY3nK8Bx8o4+tY2tau2pSCGDKWcf3E7sf7xFZyorLtUHcO549vfIreFJWvLfseNjM3nzuGHsox052rtvy8jf1DXW1hEtRCLYR/PM5O7O3tgVRuCrxkqwilPyiHnkZ7jHBz0qKJY4x5jKRsGSx5HGPvAAdfengpPKWIBCnIc8A9gTxjg8mtVFRVloeRVqTrTc6suaW1/ItxRiS3EbEs8TYHYcc849/WpVMczrDIuw/dQkcBiBkk9xzUfmSOBHtSNpMfMowCc9Gxz2qWKISDy8MGDbC2QQWZsYUAdMtk+3Wgg1dFh8vV9OywI+12+EAO35XUEg9OtFT6RFbx6ppyQN8/2m3JUnI4kUNgDp0FFEQZQ8UEtql/Gh5e6n8yMdGQSnj65Fc7GyW8rxnMT9FVjwDydpJ6V0HitAdQ1BWb5mu5thU8LiR2JeuemnFxsORlMebleSRgFx16gd6FsDG3CtJKS2No+63fB6e/amyEzAvJxu+6D17Djk1DLKyytt47DPJoWVEG7OX7LjofX3piJl55TO5R82eoxjmpFjf71wyojdZOhB98VBDcOGOCNrffJ4z7Z7UskqSy7dvXrgkgn1oAmw8oXjkdHJ4I9RmnxQElmLbhGCc9Dx0AHfNRlxIDuIBUY2JzkewzT1nCr+8J8sjjA5/3eaBjFQ8SKfmPDJ1PNQzKF3YQZXgsD/SnHCKWX5A5wNxz+dQmRVwpxkdW+9n60CB8ZBOWJHI9fxoy7JuU4I44601pNzAjCgdPamllzkdT37Z9qYD2zuAyWPv29jQw5wDyewH+c1HuHcZ96Uv8AKB6dBj+tAC9B14Pr/hTdxClfXvTc04Y6k/QUAJz36U8fd5Hy+3rUdLmgBKXPAx2oOD04ozQA5clsJwe9NPXNAOOhIoNABRRmjNABRRmjNABSUuaSgBRxS89unekGKXIU/KeKAJQYynIxt6ep+uKbIxcLnoOA3/16b5hGf7x6t7U0kjgHIoAB6Uc9AeKMj8aB9cUaASKUBH5Ef1qdY9hDDJUcMV6c9Mds1DH5QBUgmQ9DxgfmKnjdQuwMFH/LUjv9eO1AF2ET7ZPNXdkAsPU9h6Ec80sShJePmGNqxA5B9gMDBFVVcuGQMWkPzKF6EZyePpVrMK26XELoJV+6uSpB7nt2pDDzZpHR1XDk4CMcnLZzgdqv2rpC/lIC7NwxB6vz16c81n27LvS5lIM5JAxyGXIJL++Txipw4DsZf3jjHluxKjnPTb1I9KTA29EYHXrEINii5g3FCDuPmLw2OMc+lFM0a4Mms6WIjhWvLcPgDACyL8rE5IJooiDPS5/B/hzUC7Xln5jTsZZT5sq7nc7mPyyDHJ6DioB8O/Bw6acemP8AX3HTrj/W0UUwE/4Vt4K/6Bn/AJHuP/j1H/CtvBX/AEDP/I9x/wDHqKKAD/hW3gv/AKBn/ke4/wDj1A+G/gscjTcEd/PuP/j1FFAC/wDCufBud39m/N6+fcf/AB6lPw88HuAjaeSo5AM9x/8AHaKKAG/8K38Fnrpuf+29x/8AHqP+FbeCv+gZ/wCR7j/49RRQAf8ACtvBX/QM/wDI9x/8epf+FbeCv+gZ/wCR7j/49RRQAf8ACtvBX/QM/wDI9x/8eo/4Vt4K/wCgZ/5HuP8A49RRQAf8K28Ff9Az/wAj3H/x6j/hW3gr/oGf+R7j/wCPUUUAH/CtvBX/AEDP/I9x/wDHqP8AhW3gr/oGf+R7j/49RRQAf8K28Ff9Az/yPcf/AB6j/hW3gr/oGf8Ake4/+PUUUAH/AArbwV/0DP8AyPcf/HqP+FbeCv8AoGf+R7j/AOPUUUAH/CtvBX/QM/8AI9x/8eo/4Vt4K/6Bn/ke4/8Aj1FFAB/wrbwV/wBAz/yPcf8Ax6j/AIVt4K/6Bn/ke4/+PUUUAH/CtvBX/QM/8j3H/wAeo/4Vt4K/6Bn/AJHuP/j1FFAB/wAK28Ff9Az/AMj3H/x6k/4Vt4K/6Bn/AJHuP/j1FFAC/wDCtvBX/QM/8j3H/wAeo/4Vt4K/6Bn/AJHuP/j1FFAB/wAK28Ff9Az/AMj3H/x6j/hW3gr/AKBn/ke4/wDj1FFACf8ACtvBf/QN/wDI9x/8eo/4Vx4MX7um4z1/f3H/AMdoooAUfDnwanK6bg/9d7j/AOPUg+HPgwEY03p0/f3Hfr/y1oooAe3gHwk6iNtOG1cAATTDp06SUreA/CkmN9hnaMD99OOPwloooAdF4K8MWcyXltY7LiBhLE/mzHDodysQZCDgjuKKKKAP/9k=', 'Murder is easy', '--', '189', '1905-12-05', 3.8, 1, 1, 1, 1);

-- --------------------------------------------------------

--
-- Table structure for table `bookstatuses`
--

CREATE TABLE `bookstatuses` (
  `id` int(11) NOT NULL,
  `title` varchar(255) DEFAULT NULL
) ENGINE=InnoDB DEFAULT CHARSET=utf8mb4;

--
-- Dumping data for table `bookstatuses`
--

INSERT INTO `bookstatuses` (`id`, `title`) VALUES
(1, 'BACK IN STOCK'),
(3, 'BOOKED'),
(4, 'RENTED');

-- --------------------------------------------------------

--
-- Table structure for table `categories`
--

CREATE TABLE `categories` (
  `id` int(11) NOT NULL,
  `title` varchar(255) DEFAULT NULL
) ENGINE=InnoDB DEFAULT CHARSET=utf8mb4;

--
-- Dumping data for table `categories`
--

INSERT INTO `categories` (`id`, `title`) VALUES
(1, 'Drama');

-- --------------------------------------------------------

--
-- Table structure for table `librarians`
--

CREATE TABLE `librarians` (
  `id` int(11) NOT NULL,
  `first_name` varchar(255) DEFAULT NULL,
  `last_name` varchar(255) DEFAULT NULL,
  `username` varchar(255) DEFAULT NULL,
  `password` varchar(255) DEFAULT NULL,
  `LibraryId` int(11) DEFAULT NULL
) ENGINE=InnoDB DEFAULT CHARSET=utf8mb4;

--
-- Dumping data for table `librarians`
--

INSERT INTO `librarians` (`id`, `first_name`, `last_name`, `username`, `password`, `LibraryId`) VALUES
(1, 'Toma', 'Iuliana', 'librarian1', 'librarian1', 1),
(2, 'test', 'test', 'test', 'test', 2);

-- --------------------------------------------------------

--
-- Table structure for table `libraries`
--

CREATE TABLE `libraries` (
  `id` int(11) NOT NULL,
  `name` varchar(255) DEFAULT NULL,
  `address` varchar(255) DEFAULT NULL
) ENGINE=InnoDB DEFAULT CHARSET=utf8mb4;

--
-- Dumping data for table `libraries`
--

INSERT INTO `libraries` (`id`, `name`, `address`) VALUES
(1, 'Romanesque Biblioteque', 'Strada Moldovita 23'),
(2, 'Dresden Biblioteque', 'Piața Romană 6'),
(3, 'Bond Library', 'Calea Victoriei 151'),
(4, 'Fletcher Books', 'Şoseaua Pavel D. Kiseleff 1');

-- --------------------------------------------------------

--
-- Table structure for table `notifications`
--

CREATE TABLE `notifications` (
  `id` int(11) NOT NULL,
  `UserId` int(11) DEFAULT NULL,
  `bookId` int(11) DEFAULT NULL
) ENGINE=InnoDB DEFAULT CHARSET=utf8mb4;

--
-- Dumping data for table `notifications`
--

INSERT INTO `notifications` (`id`, `UserId`, `bookId`) VALUES
(2, 2, 6);

-- --------------------------------------------------------

--
-- Table structure for table `publishinghouses`
--

CREATE TABLE `publishinghouses` (
  `id` int(11) NOT NULL,
  `name` varchar(255) DEFAULT NULL
) ENGINE=InnoDB DEFAULT CHARSET=utf8mb4;

--
-- Dumping data for table `publishinghouses`
--

INSERT INTO `publishinghouses` (`id`, `name`) VALUES
(1, 'Humanitas');

-- --------------------------------------------------------

--
-- Table structure for table `rentedbooks`
--

CREATE TABLE `rentedbooks` (
  `id` int(11) NOT NULL,
  `startDate` date DEFAULT NULL,
  `endDate` date DEFAULT NULL,
  `UserId` int(11) DEFAULT NULL,
  `LibrarianId` int(11) DEFAULT NULL,
  `bookCopyId` int(11) NOT NULL
) ENGINE=InnoDB DEFAULT CHARSET=utf8mb4;

--
-- Dumping data for table `rentedbooks`
--

INSERT INTO `rentedbooks` (`id`, `startDate`, `endDate`, `UserId`, `LibrarianId`, `bookCopyId`) VALUES
(10, NULL, NULL, 1, 2, 12),
(22, NULL, NULL, 1, 1, 8);

-- --------------------------------------------------------

--
-- Table structure for table `reservedbooks`
--

CREATE TABLE `reservedbooks` (
  `id` int(11) NOT NULL,
  `payment_accepted` tinyint(1) DEFAULT NULL,
  `UserId` int(11) DEFAULT NULL,
  `bookCopyId` int(11) DEFAULT NULL,
  `reservedTypeId` int(11) DEFAULT NULL
) ENGINE=InnoDB DEFAULT CHARSET=utf8mb4;

--
-- Dumping data for table `reservedbooks`
--

INSERT INTO `reservedbooks` (`id`, `payment_accepted`, `UserId`, `bookCopyId`, `reservedTypeId`) VALUES
(2, 1, 1, 8, 2),
(3, 1, 1, 8, 1),
(4, 1, 1, 8, 1),
(5, 1, 1, 8, 1);

-- --------------------------------------------------------

--
-- Table structure for table `reservedtypes`
--

CREATE TABLE `reservedtypes` (
  `id` int(11) NOT NULL,
  `title` varchar(255) DEFAULT NULL,
  `cost` float DEFAULT NULL
) ENGINE=InnoDB DEFAULT CHARSET=utf8mb4;

--
-- Dumping data for table `reservedtypes`
--

INSERT INTO `reservedtypes` (`id`, `title`, `cost`) VALUES
(1, '2 HOURS', 2),
(2, '4 HOURS', 3);

-- --------------------------------------------------------

--
-- Table structure for table `userhistories`
--

CREATE TABLE `userhistories` (
  `id` int(11) NOT NULL,
  `startDate` date DEFAULT NULL,
  `endDate` date DEFAULT NULL,
  `comment` varchar(255) DEFAULT NULL,
  `paymentExtra` int(11) DEFAULT NULL,
  `UserId` int(11) DEFAULT NULL,
  `bookCopyId` int(11) DEFAULT NULL
) ENGINE=InnoDB DEFAULT CHARSET=utf8mb4;

--
-- Dumping data for table `userhistories`
--

INSERT INTO `userhistories` (`id`, `startDate`, `endDate`, `comment`, `paymentExtra`, `UserId`, `bookCopyId`) VALUES
(1, '2019-12-21', '2019-12-18', 'Book has 1 page missing', 5, 1, 9),
(2, '2019-12-14', '2019-12-26', 'Good', 0, 1, 9),
(3, NULL, NULL, 'Good ', 0, 1, 10),
(4, NULL, NULL, 'Good', 0, 1, 9),
(5, '2019-12-26', '2019-12-28', 'Good', 0, 1, 9),
(6, '2019-12-13', '2019-12-18', 'Gooid', 0, 1, 9),
(7, '2019-12-20', '2019-12-24', 'Rturned late', 5, 1, 9),
(8, '2019-12-20', '2019-12-25', 'Returned 2 days late', 5, 1, 9),
(9, '2019-12-20', '2019-12-23', 'GOOD', 0, 1, 9),
(10, '2019-12-21', '2019-12-23', 'missing 2', 50, 1, 9),
(11, '2019-12-28', '2019-12-29', '--', 0, 1, 9),
(12, '2019-12-19', '2019-12-20', 'Good', 0, 1, 9),
(13, '2019-12-26', '2019-12-27', 'Good', 0, 1, 10),
(14, '2019-12-26', '2019-12-27', 'Good', 0, 1, 10),
(15, NULL, NULL, 'Missing 3 pages', 5, 1, 14);

-- --------------------------------------------------------

--
-- Table structure for table `users`
--

CREATE TABLE `users` (
  `id` int(11) NOT NULL,
  `first_name` varchar(255) NOT NULL,
  `last_name` varchar(255) NOT NULL,
  `enrollment_date` date NOT NULL,
  `birthdate` date NOT NULL,
  `username` varchar(255) NOT NULL,
  `password` varchar(255) DEFAULT NULL,
  `email` varchar(255) DEFAULT NULL,
  `address` varchar(255) DEFAULT NULL
) ENGINE=InnoDB DEFAULT CHARSET=utf8mb4;

--
-- Dumping data for table `users`
--

INSERT INTO `users` (`id`, `first_name`, `last_name`, `enrollment_date`, `birthdate`, `username`, `password`, `email`, `address`) VALUES
(1, 'test', 'test', '2019-11-28', '1996-11-19', 'test', 'test', 'test@gmail.com', 'test'),
(2, 'user2', 'user2', '2019-12-04', '1996-12-12', 'user1', 'user1', 'user1@gmail.com', 'Street 43'),
(3, 'TOMA', 'MIHAI', '2019-12-05', '2019-12-26', 'USER3', 'USER3', 'user3@gmail.com', 'STRADA TOMEI');

--
-- Indexes for dumped tables
--

--
-- Indexes for table `authors`
--
ALTER TABLE `authors`
  ADD PRIMARY KEY (`id`);

--
-- Indexes for table `bookcopies`
--
ALTER TABLE `bookcopies`
  ADD PRIMARY KEY (`id`),
  ADD KEY `LibraryId` (`LibraryId`),
  ADD KEY `bookId` (`bookId`),
  ADD KEY `bookStatusId` (`bookStatusId`);

--
-- Indexes for table `books`
--
ALTER TABLE `books`
  ADD PRIMARY KEY (`id`),
  ADD KEY `categoryId` (`categoryId`),
  ADD KEY `AuthorId` (`AuthorId`),
  ADD KEY `PublishingHouseId` (`PublishingHouseId`);

--
-- Indexes for table `bookstatuses`
--
ALTER TABLE `bookstatuses`
  ADD PRIMARY KEY (`id`);

--
-- Indexes for table `categories`
--
ALTER TABLE `categories`
  ADD PRIMARY KEY (`id`);

--
-- Indexes for table `librarians`
--
ALTER TABLE `librarians`
  ADD PRIMARY KEY (`id`),
  ADD KEY `LibraryId` (`LibraryId`);

--
-- Indexes for table `libraries`
--
ALTER TABLE `libraries`
  ADD PRIMARY KEY (`id`);

--
-- Indexes for table `notifications`
--
ALTER TABLE `notifications`
  ADD PRIMARY KEY (`id`),
  ADD KEY `UserId` (`UserId`),
  ADD KEY `bookId` (`bookId`);

--
-- Indexes for table `publishinghouses`
--
ALTER TABLE `publishinghouses`
  ADD PRIMARY KEY (`id`);

--
-- Indexes for table `rentedbooks`
--
ALTER TABLE `rentedbooks`
  ADD PRIMARY KEY (`id`),
  ADD KEY `UserId` (`UserId`),
  ADD KEY `LibrarianId` (`LibrarianId`),
  ADD KEY `bookCopyId` (`bookCopyId`);

--
-- Indexes for table `reservedbooks`
--
ALTER TABLE `reservedbooks`
  ADD PRIMARY KEY (`id`),
  ADD KEY `UserId` (`UserId`),
  ADD KEY `bookCopyId` (`bookCopyId`),
  ADD KEY `reservedTypeId` (`reservedTypeId`);

--
-- Indexes for table `reservedtypes`
--
ALTER TABLE `reservedtypes`
  ADD PRIMARY KEY (`id`);

--
-- Indexes for table `userhistories`
--
ALTER TABLE `userhistories`
  ADD PRIMARY KEY (`id`),
  ADD KEY `UserId` (`UserId`),
  ADD KEY `bookCopyId` (`bookCopyId`);

--
-- Indexes for table `users`
--
ALTER TABLE `users`
  ADD PRIMARY KEY (`id`);

--
-- AUTO_INCREMENT for dumped tables
--

--
-- AUTO_INCREMENT for table `authors`
--
ALTER TABLE `authors`
  MODIFY `id` int(11) NOT NULL AUTO_INCREMENT, AUTO_INCREMENT=8;

--
-- AUTO_INCREMENT for table `bookcopies`
--
ALTER TABLE `bookcopies`
  MODIFY `id` int(11) NOT NULL AUTO_INCREMENT, AUTO_INCREMENT=18;

--
-- AUTO_INCREMENT for table `books`
--
ALTER TABLE `books`
  MODIFY `id` int(11) NOT NULL AUTO_INCREMENT, AUTO_INCREMENT=19;

--
-- AUTO_INCREMENT for table `bookstatuses`
--
ALTER TABLE `bookstatuses`
  MODIFY `id` int(11) NOT NULL AUTO_INCREMENT, AUTO_INCREMENT=5;

--
-- AUTO_INCREMENT for table `categories`
--
ALTER TABLE `categories`
  MODIFY `id` int(11) NOT NULL AUTO_INCREMENT, AUTO_INCREMENT=2;

--
-- AUTO_INCREMENT for table `librarians`
--
ALTER TABLE `librarians`
  MODIFY `id` int(11) NOT NULL AUTO_INCREMENT, AUTO_INCREMENT=3;

--
-- AUTO_INCREMENT for table `libraries`
--
ALTER TABLE `libraries`
  MODIFY `id` int(11) NOT NULL AUTO_INCREMENT, AUTO_INCREMENT=5;

--
-- AUTO_INCREMENT for table `notifications`
--
ALTER TABLE `notifications`
  MODIFY `id` int(11) NOT NULL AUTO_INCREMENT, AUTO_INCREMENT=3;

--
-- AUTO_INCREMENT for table `publishinghouses`
--
ALTER TABLE `publishinghouses`
  MODIFY `id` int(11) NOT NULL AUTO_INCREMENT, AUTO_INCREMENT=2;

--
-- AUTO_INCREMENT for table `rentedbooks`
--
ALTER TABLE `rentedbooks`
  MODIFY `id` int(11) NOT NULL AUTO_INCREMENT, AUTO_INCREMENT=25;

--
-- AUTO_INCREMENT for table `reservedbooks`
--
ALTER TABLE `reservedbooks`
  MODIFY `id` int(11) NOT NULL AUTO_INCREMENT, AUTO_INCREMENT=6;

--
-- AUTO_INCREMENT for table `reservedtypes`
--
ALTER TABLE `reservedtypes`
  MODIFY `id` int(11) NOT NULL AUTO_INCREMENT, AUTO_INCREMENT=3;

--
-- AUTO_INCREMENT for table `userhistories`
--
ALTER TABLE `userhistories`
  MODIFY `id` int(11) NOT NULL AUTO_INCREMENT, AUTO_INCREMENT=16;

--
-- AUTO_INCREMENT for table `users`
--
ALTER TABLE `users`
  MODIFY `id` int(11) NOT NULL AUTO_INCREMENT, AUTO_INCREMENT=4;

--
-- Constraints for dumped tables
--

--
-- Constraints for table `bookcopies`
--
ALTER TABLE `bookcopies`
  ADD CONSTRAINT `bookcopies_ibfk_1` FOREIGN KEY (`LibraryId`) REFERENCES `libraries` (`id`) ON DELETE SET NULL ON UPDATE CASCADE,
  ADD CONSTRAINT `bookcopies_ibfk_2` FOREIGN KEY (`bookId`) REFERENCES `books` (`id`) ON DELETE SET NULL ON UPDATE CASCADE,
  ADD CONSTRAINT `bookcopies_ibfk_3` FOREIGN KEY (`bookStatusId`) REFERENCES `bookstatuses` (`id`) ON DELETE SET NULL ON UPDATE CASCADE;

--
-- Constraints for table `books`
--
ALTER TABLE `books`
  ADD CONSTRAINT `books_ibfk_1` FOREIGN KEY (`categoryId`) REFERENCES `categories` (`id`) ON DELETE SET NULL ON UPDATE CASCADE,
  ADD CONSTRAINT `books_ibfk_2` FOREIGN KEY (`AuthorId`) REFERENCES `authors` (`id`) ON DELETE SET NULL ON UPDATE CASCADE,
  ADD CONSTRAINT `books_ibfk_3` FOREIGN KEY (`PublishingHouseId`) REFERENCES `publishinghouses` (`id`) ON DELETE SET NULL ON UPDATE CASCADE;

--
-- Constraints for table `librarians`
--
ALTER TABLE `librarians`
  ADD CONSTRAINT `librarians_ibfk_1` FOREIGN KEY (`LibraryId`) REFERENCES `libraries` (`id`) ON DELETE SET NULL ON UPDATE CASCADE;

--
-- Constraints for table `notifications`
--
ALTER TABLE `notifications`
  ADD CONSTRAINT `notifications_ibfk_1` FOREIGN KEY (`UserId`) REFERENCES `users` (`id`) ON DELETE SET NULL ON UPDATE CASCADE,
  ADD CONSTRAINT `notifications_ibfk_2` FOREIGN KEY (`bookId`) REFERENCES `books` (`id`) ON DELETE SET NULL ON UPDATE CASCADE;

--
-- Constraints for table `rentedbooks`
--
ALTER TABLE `rentedbooks`
  ADD CONSTRAINT `rentedbooks_ibfk_1` FOREIGN KEY (`UserId`) REFERENCES `users` (`id`) ON DELETE SET NULL ON UPDATE CASCADE,
  ADD CONSTRAINT `rentedbooks_ibfk_2` FOREIGN KEY (`LibrarianId`) REFERENCES `librarians` (`id`) ON DELETE SET NULL ON UPDATE CASCADE,
  ADD CONSTRAINT `rentedbooks_ibfk_3` FOREIGN KEY (`bookCopyId`) REFERENCES `bookcopies` (`id`);

--
-- Constraints for table `reservedbooks`
--
ALTER TABLE `reservedbooks`
  ADD CONSTRAINT `reservedbooks_ibfk_1` FOREIGN KEY (`UserId`) REFERENCES `users` (`id`) ON DELETE SET NULL ON UPDATE CASCADE,
  ADD CONSTRAINT `reservedbooks_ibfk_2` FOREIGN KEY (`bookCopyId`) REFERENCES `bookcopies` (`id`) ON DELETE SET NULL ON UPDATE CASCADE,
  ADD CONSTRAINT `reservedbooks_ibfk_3` FOREIGN KEY (`reservedTypeId`) REFERENCES `reservedtypes` (`id`) ON DELETE SET NULL ON UPDATE CASCADE;

--
-- Constraints for table `userhistories`
--
ALTER TABLE `userhistories`
  ADD CONSTRAINT `userhistories_ibfk_1` FOREIGN KEY (`UserId`) REFERENCES `users` (`id`) ON DELETE SET NULL ON UPDATE CASCADE,
  ADD CONSTRAINT `userhistories_ibfk_2` FOREIGN KEY (`bookCopyId`) REFERENCES `bookcopies` (`id`) ON DELETE SET NULL ON UPDATE CASCADE;
COMMIT;

/*!40101 SET CHARACTER_SET_CLIENT=@OLD_CHARACTER_SET_CLIENT */;
/*!40101 SET CHARACTER_SET_RESULTS=@OLD_CHARACTER_SET_RESULTS */;
/*!40101 SET COLLATION_CONNECTION=@OLD_COLLATION_CONNECTION */;
